# Blender 4.5.4 LTS
# www.blender.org
mtllib character.mtl
o Cube
v -1.313586 -0.930361 1.080773
v -1.000210 0.999847 1.000527
v -1.507617 -0.973806 -1.077755
v -0.957200 0.917438 -0.980836
v 0.999636 -0.999887 1.000316
v 0.999461 0.999850 1.000303
v 0.999532 -1.003801 -1.001921
v 0.982681 0.993767 -0.995571
v -1.000003 5.085289 1.000019
v -1.000002 5.085283 -0.999967
v 0.999989 5.085284 -0.999974
v 0.999993 5.085289 1.000016
v 1.098913 3.825477 -1.248264
v 1.508983 3.583829 1.550726
v -1.708167 3.583830 1.550737
v -2.118165 3.825494 -1.248263
v -5.015724 4.657139 0.131550
v -5.015724 4.488922 0.299768
v -4.850914 4.674711 0.328506
v -5.015724 4.655427 0.155490
v -5.015724 4.650325 0.178943
v -5.015724 4.641938 0.201430
v -5.015724 4.630435 0.222495
v -5.015724 4.616052 0.241709
v -5.015724 4.599081 0.258680
v -5.015724 4.579867 0.273064
v -5.015724 4.558802 0.284566
v -5.015724 4.536314 0.292954
v -5.015724 4.512862 0.298056
v -5.015723 4.488922 -0.299749
v -5.015724 4.657139 -0.131533
v -4.850914 4.674711 -0.328488
v -5.015723 4.512862 -0.298037
v -5.015723 4.536314 -0.292935
v -5.015724 4.558803 -0.284548
v -5.015724 4.579868 -0.273045
v -5.015724 4.599081 -0.258662
v -5.015724 4.616052 -0.241691
v -5.015724 4.630435 -0.222477
v -5.015724 4.641938 -0.201412
v -5.015724 4.650325 -0.178925
v -5.015724 4.655427 -0.155472
v -5.015724 4.458787 0.299768
v -5.015724 4.290570 0.131552
v -4.850914 4.272999 0.328509
v -5.015724 4.434847 0.298056
v -5.015724 4.411395 0.292954
v -5.015724 4.388907 0.284567
v -5.015724 4.367842 0.273065
v -5.015723 4.348629 0.258682
v -5.015723 4.331657 0.241711
v -5.015723 4.317274 0.222497
v -5.015723 4.305771 0.201432
v -5.015723 4.297384 0.178944
v -5.015723 4.292282 0.155492
v -5.015724 4.290571 -0.131531
v -5.015724 4.458787 -0.299748
v -4.850913 4.272999 -0.328485
v -5.015724 4.292283 -0.155470
v -5.015724 4.297384 -0.178923
v -5.015724 4.305772 -0.201411
v -5.015724 4.317274 -0.222476
v -5.015724 4.331657 -0.241689
v -5.015724 4.348629 -0.258661
v -5.015724 4.367842 -0.273044
v -5.015723 4.388908 -0.284547
v -5.015723 4.411395 -0.292934
v -5.015724 4.434848 -0.298036
v -0.923883 5.011670 0.382709
v -0.831474 5.011671 0.555594
v -0.707111 5.011671 0.707129
v -0.555575 5.011672 0.831491
v -0.382689 5.011672 0.923900
v -0.195096 5.011672 0.980805
v 0.000000 5.011672 1.000019
v 0.195084 5.011672 0.980804
v 0.382676 5.011672 0.923899
v 0.555562 5.011671 0.831489
v 0.707098 5.011671 0.707126
v 0.831461 5.011671 0.555590
v 0.923870 5.011670 0.382704
v 0.980775 5.011670 0.195112
v 0.999989 5.011669 0.000023
v 0.980774 5.011669 -0.195066
v 0.923868 5.011668 -0.382657
v 0.831458 5.011667 -0.555543
v 0.707095 5.011666 -0.707077
v 0.555559 5.011665 -0.831438
v 0.382672 5.011665 -0.923847
v 0.195080 5.011664 -0.980751
v 0.000000 5.011664 -0.999965
v -0.420359 -0.923764 -0.927041
v -0.128079 0.881552 -0.941685
v -5.886074 4.483417 0.145596
v -5.731906 4.488923 0.299765
v -5.884505 4.484200 0.167536
v -5.879829 4.484968 0.189030
v -5.872142 4.485704 0.209640
v -5.861600 4.486393 0.228946
v -5.848418 4.487022 0.246555
v -5.832864 4.487578 0.262109
v -5.815255 4.488049 0.275291
v -5.795949 4.488425 0.285833
v -5.775340 4.488699 0.293520
v -5.753846 4.488866 0.298196
v -5.886074 4.502971 0.126040
v -5.731905 4.657140 0.131548
v -5.884505 4.524911 0.126824
v -5.879829 4.546406 0.127591
v -5.872142 4.567015 0.128328
v -5.861600 4.586321 0.129017
v -5.848418 4.603930 0.129647
v -5.832864 4.619484 0.130202
v -5.815255 4.632667 0.130673
v -5.795949 4.643209 0.131050
v -5.775340 4.650895 0.131324
v -5.753846 4.655571 0.131492
v -5.886074 4.490866 0.145063
v -5.731905 4.512863 0.298053
v -5.884505 4.493997 0.166836
v -5.879829 4.497064 0.188165
v -5.872142 4.500004 0.208617
v -5.861600 4.502759 0.227775
v -5.848418 4.505271 0.245250
v -5.832864 4.507490 0.260685
v -5.815255 4.509371 0.273766
v -5.795949 4.510875 0.284227
v -5.775340 4.511971 0.291856
v -5.753846 4.512639 0.296496
v -5.886074 4.492771 0.144649
v -5.731905 4.536315 0.292951
v -5.884505 4.498968 0.165754
v -5.879829 4.505039 0.186430
v -5.872142 4.510860 0.206255
v -5.861600 4.516313 0.224827
v -5.848418 4.521287 0.241766
v -5.832864 4.525680 0.256728
v -5.815255 4.529403 0.269409
v -5.795949 4.532381 0.279549
v -5.775340 4.534552 0.286944
v -5.753846 4.535872 0.291442
v -5.886074 4.494595 0.143968
v -5.731905 4.558803 0.284564
v -5.884505 4.503733 0.163977
v -5.879829 4.512685 0.183578
v -5.872142 4.521268 0.202374
v -5.861600 4.529309 0.219980
v -5.848418 4.536643 0.236039
v -5.832864 4.543121 0.250223
v -5.815255 4.548610 0.262245
v -5.795949 4.553001 0.271858
v -5.775340 4.556202 0.278869
v -5.753846 4.558150 0.283133
v -5.886074 4.496305 0.143034
v -5.731905 4.579868 0.273061
v -5.884505 4.508197 0.161539
v -5.879829 4.519848 0.179667
v -5.872142 4.531019 0.197049
v -5.861600 4.541483 0.213332
v -5.848418 4.551028 0.228184
v -5.832864 4.559458 0.241302
v -5.815255 4.566604 0.252420
v -5.795949 4.572317 0.261311
v -5.775340 4.576484 0.267794
v -5.753846 4.579018 0.271738
v -5.886074 4.497865 0.141866
v -5.731905 4.599082 0.258678
v -5.884505 4.512269 0.158490
v -5.879829 4.526381 0.174776
v -5.872142 4.539913 0.190391
v -5.861600 4.552588 0.205019
v -5.848418 4.564148 0.218361
v -5.832864 4.574360 0.230146
v -5.815255 4.583014 0.240134
v -5.795949 4.589935 0.248121
v -5.775340 4.594982 0.253946
v -5.753846 4.598052 0.257489
v -5.886074 4.499241 0.140490
v -5.731905 4.616053 0.241707
v -5.884505 4.515866 0.154895
v -5.879829 4.532152 0.169006
v -5.872142 4.547767 0.182537
v -5.861600 4.562395 0.195212
v -5.848418 4.575737 0.206773
v -5.832864 4.587522 0.216984
v -5.815255 4.597510 0.225639
v -5.795949 4.605497 0.232560
v -5.775340 4.611322 0.237607
v -5.753846 4.614864 0.240676
v -5.886074 4.500410 0.138929
v -5.731905 4.630436 0.222493
v -5.884505 4.518915 0.150821
v -5.879829 4.537043 0.162471
v -5.872142 4.554425 0.173642
v -5.861600 4.570708 0.184107
v -5.848418 4.585559 0.193651
v -5.832864 4.598678 0.202082
v -5.815255 4.609795 0.209227
v -5.795949 4.618686 0.214941
v -5.775340 4.625169 0.219108
v -5.753846 4.629113 0.221642
v -5.886074 4.501343 0.137220
v -5.731905 4.641939 0.201428
v -5.884505 4.521353 0.146358
v -5.879829 4.540954 0.155310
v -5.872142 4.559749 0.163893
v -5.861600 4.577355 0.171933
v -5.848418 4.593414 0.179267
v -5.832864 4.607599 0.185745
v -5.815255 4.619620 0.191235
v -5.795949 4.629234 0.195625
v -5.775340 4.636244 0.198827
v -5.753846 4.640508 0.200774
v -5.886074 4.502024 0.135394
v -5.731905 4.650326 0.178940
v -5.884505 4.523130 0.141591
v -5.879829 4.543806 0.147662
v -5.872142 4.563632 0.153484
v -5.861600 4.582202 0.158937
v -5.848418 4.599142 0.163910
v -5.832864 4.614104 0.168304
v -5.815255 4.626784 0.172027
v -5.795949 4.636925 0.175005
v -5.775340 4.644319 0.177176
v -5.753846 4.648817 0.178497
v -5.886074 4.502438 0.133492
v -5.731905 4.655428 0.155488
v -5.884505 4.524210 0.136622
v -5.879829 4.545540 0.139689
v -5.872142 4.565993 0.142629
v -5.861600 4.585151 0.145383
v -5.848418 4.602625 0.147896
v -5.832864 4.618060 0.150115
v -5.815255 4.631142 0.151996
v -5.795949 4.641603 0.153500
v -5.775340 4.649231 0.154596
v -5.753846 4.653871 0.155264
v -5.886074 4.502971 -0.126028
v -5.731905 4.657140 -0.131535
v -5.884505 4.524911 -0.126811
v -5.879829 4.546405 -0.127579
v -5.872142 4.567015 -0.128316
v -5.861600 4.586321 -0.129006
v -5.848418 4.603930 -0.129635
v -5.832864 4.619484 -0.130190
v -5.815255 4.632666 -0.130661
v -5.795949 4.643208 -0.131038
v -5.775340 4.650895 -0.131312
v -5.753846 4.655571 -0.131479
v -5.886074 4.483417 -0.145583
v -5.731905 4.488923 -0.299752
v -5.884505 4.484200 -0.167524
v -5.879829 4.484968 -0.189018
v -5.872142 4.485704 -0.209627
v -5.861600 4.486393 -0.228933
v -5.848418 4.487022 -0.246543
v -5.832864 4.487578 -0.262096
v -5.815255 4.488049 -0.275278
v -5.795949 4.488425 -0.285820
v -5.775340 4.488699 -0.293507
v -5.753846 4.488866 -0.298183
v -5.886074 4.502438 -0.133480
v -5.731905 4.655428 -0.155475
v -5.884505 4.524210 -0.136610
v -5.879829 4.545540 -0.139677
v -5.872142 4.565992 -0.142617
v -5.861600 4.585151 -0.145372
v -5.848418 4.602625 -0.147884
v -5.832864 4.618060 -0.150103
v -5.815255 4.631141 -0.151984
v -5.795949 4.641603 -0.153488
v -5.775340 4.649231 -0.154584
v -5.753846 4.653871 -0.155251
v -5.886074 4.502024 -0.135382
v -5.731905 4.650326 -0.178928
v -5.884505 4.523129 -0.141579
v -5.879829 4.543806 -0.147650
v -5.872142 4.563631 -0.153472
v -5.861600 4.582202 -0.158925
v -5.848418 4.599141 -0.163899
v -5.832864 4.614103 -0.168292
v -5.815255 4.626784 -0.172015
v -5.795949 4.636924 -0.174993
v -5.775340 4.644319 -0.177164
v -5.753846 4.648817 -0.178484
v -5.886074 4.501343 -0.137208
v -5.731905 4.641938 -0.201415
v -5.884505 4.521352 -0.146346
v -5.879829 4.540954 -0.155298
v -5.872142 4.559749 -0.163881
v -5.861600 4.577355 -0.171921
v -5.848418 4.593414 -0.179255
v -5.832864 4.607598 -0.185733
v -5.815255 4.619620 -0.191223
v -5.795949 4.629234 -0.195613
v -5.775340 4.636244 -0.198815
v -5.753846 4.640508 -0.200762
v -5.886074 4.500410 -0.138917
v -5.731906 4.630436 -0.222480
v -5.884505 4.518914 -0.150809
v -5.879829 4.537043 -0.162459
v -5.872142 4.554425 -0.173630
v -5.861600 4.570707 -0.184095
v -5.848418 4.585559 -0.193639
v -5.832864 4.598677 -0.202070
v -5.815255 4.609795 -0.209215
v -5.795949 4.618686 -0.214929
v -5.775340 4.625169 -0.219095
v -5.753846 4.629112 -0.221630
v -5.886074 4.499241 -0.140478
v -5.731905 4.616053 -0.241694
v -5.884505 4.515865 -0.154883
v -5.879829 4.532151 -0.168994
v -5.872142 4.547767 -0.182525
v -5.861600 4.562395 -0.195200
v -5.848418 4.575737 -0.206760
v -5.832864 4.587522 -0.216972
v -5.815255 4.597509 -0.225626
v -5.795949 4.605497 -0.232547
v -5.775340 4.611321 -0.237594
v -5.753846 4.614864 -0.240664
v -5.886074 4.497864 -0.141855
v -5.731905 4.599082 -0.258665
v -5.884505 4.512269 -0.158479
v -5.879829 4.526381 -0.174764
v -5.872142 4.539912 -0.190380
v -5.861600 4.552587 -0.205008
v -5.848418 4.564148 -0.218350
v -5.832864 4.574360 -0.230135
v -5.815255 4.583014 -0.240122
v -5.795949 4.589935 -0.248110
v -5.775340 4.594982 -0.253934
v -5.753846 4.598052 -0.257476
v -5.886074 4.496305 -0.143022
v -5.731905 4.579868 -0.273048
v -5.884505 4.508198 -0.161526
v -5.879829 4.519848 -0.179655
v -5.872142 4.531019 -0.197037
v -5.861600 4.541483 -0.213320
v -5.848418 4.551027 -0.228171
v -5.832864 4.559458 -0.241289
v -5.815255 4.566603 -0.252407
v -5.795949 4.572317 -0.261298
v -5.775341 4.576483 -0.267781
v -5.753846 4.579018 -0.271725
v -5.886074 4.494595 -0.143956
v -5.731905 4.558803 -0.284551
v -5.884505 4.503733 -0.163964
v -5.879829 4.512684 -0.183566
v -5.872142 4.521268 -0.202361
v -5.861600 4.529308 -0.219967
v -5.848418 4.536643 -0.236026
v -5.832864 4.543120 -0.250210
v -5.815255 4.548610 -0.262232
v -5.795948 4.553001 -0.271846
v -5.775340 4.556202 -0.278856
v -5.753846 4.558149 -0.283120
v -5.886074 4.492770 -0.144636
v -5.731905 4.536315 -0.292938
v -5.884505 4.498967 -0.165742
v -5.879829 4.505038 -0.186418
v -5.872142 4.510859 -0.206243
v -5.861600 4.516312 -0.224815
v -5.848418 4.521286 -0.241754
v -5.832864 4.525680 -0.256716
v -5.815256 4.529403 -0.269396
v -5.795949 4.532380 -0.279537
v -5.775340 4.534552 -0.286931
v -5.753846 4.535872 -0.291429
v -5.886074 4.490867 -0.145050
v -5.731905 4.512863 -0.298040
v -5.884505 4.493997 -0.166823
v -5.879829 4.497064 -0.188153
v -5.872142 4.500004 -0.208605
v -5.861600 4.502759 -0.227763
v -5.848418 4.505270 -0.245237
v -5.832864 4.507490 -0.260672
v -5.815255 4.509371 -0.273753
v -5.795949 4.510875 -0.284214
v -5.775340 4.511971 -0.291843
v -5.753846 4.512639 -0.296483
v -5.886074 4.444740 0.126040
v -5.731905 4.290572 0.131549
v -5.884505 4.422800 0.126824
v -5.879829 4.401306 0.127592
v -5.872143 4.380696 0.128328
v -5.861600 4.361391 0.129018
v -5.848419 4.343781 0.129647
v -5.832864 4.328227 0.130203
v -5.815255 4.315045 0.130674
v -5.795949 4.304503 0.131051
v -5.775340 4.296817 0.131326
v -5.753846 4.292141 0.131493
v -5.886074 4.464294 0.145596
v -5.731906 4.458788 0.299765
v -5.884505 4.463511 0.167536
v -5.879829 4.462743 0.189030
v -5.872142 4.462007 0.209640
v -5.861600 4.461318 0.228946
v -5.848418 4.460689 0.246555
v -5.832864 4.460133 0.262109
v -5.815255 4.459662 0.275291
v -5.795949 4.459286 0.285833
v -5.775340 4.459012 0.293520
v -5.753847 4.458845 0.298196
v -5.886074 4.445273 0.133492
v -5.731905 4.292284 0.155489
v -5.884505 4.423501 0.136622
v -5.879829 4.402171 0.139689
v -5.872143 4.381719 0.142630
v -5.861601 4.362560 0.145384
v -5.848419 4.345086 0.147896
v -5.832865 4.329651 0.150116
v -5.815255 4.316570 0.151996
v -5.795949 4.306109 0.153501
v -5.775340 4.298481 0.154597
v -5.753846 4.293841 0.155265
v -5.886074 4.445687 0.135395
v -5.731905 4.297386 0.178941
v -5.884505 4.424582 0.141592
v -5.879829 4.403905 0.147663
v -5.872142 4.384080 0.153484
v -5.861601 4.365509 0.158937
v -5.848419 4.348570 0.163911
v -5.832865 4.333608 0.168305
v -5.815255 4.320927 0.172028
v -5.795949 4.310787 0.175006
v -5.775340 4.303392 0.177177
v -5.753846 4.298895 0.178498
v -5.886074 4.446368 0.137220
v -5.731905 4.305773 0.201429
v -5.884505 4.426359 0.146358
v -5.879829 4.406757 0.155310
v -5.872142 4.387962 0.163894
v -5.861601 4.370356 0.171934
v -5.848419 4.354298 0.179268
v -5.832865 4.340113 0.185746
v -5.815255 4.328091 0.191236
v -5.795949 4.318477 0.195626
v -5.775340 4.311467 0.198828
v -5.753846 4.307203 0.200775
v -5.886074 4.447301 0.138929
v -5.731905 4.317276 0.222494
v -5.884505 4.428797 0.150821
v -5.879829 4.410668 0.162472
v -5.872142 4.393286 0.173643
v -5.861601 4.377004 0.184107
v -5.848419 4.362152 0.193652
v -5.832865 4.349035 0.202083
v -5.815256 4.337916 0.209228
v -5.795949 4.329025 0.214942
v -5.775340 4.322542 0.219108
v -5.753846 4.318598 0.221643
v -5.886074 4.448470 0.140490
v -5.731905 4.331658 0.241707
v -5.884505 4.431846 0.154895
v -5.879829 4.415560 0.169006
v -5.872142 4.399944 0.182537
v -5.861600 4.385316 0.195212
v -5.848419 4.371974 0.206773
v -5.832865 4.360189 0.216985
v -5.815256 4.350202 0.225639
v -5.795949 4.342214 0.232560
v -5.775340 4.336390 0.237607
v -5.753846 4.332847 0.240677
v -5.886074 4.449847 0.141867
v -5.731905 4.348629 0.258679
v -5.884505 4.435442 0.158491
v -5.879829 4.421330 0.174777
v -5.872142 4.407799 0.190392
v -5.861600 4.395124 0.205020
v -5.848419 4.383563 0.218362
v -5.832865 4.373351 0.230147
v -5.815256 4.364697 0.240135
v -5.795949 4.357776 0.248123
v -5.775340 4.352729 0.253947
v -5.753846 4.349659 0.257490
v -5.886074 4.451406 0.143034
v -5.731905 4.367843 0.273062
v -5.884505 4.439513 0.161539
v -5.879829 4.427863 0.179667
v -5.872142 4.416692 0.197049
v -5.861600 4.406228 0.213332
v -5.848418 4.396684 0.228184
v -5.832865 4.388253 0.241302
v -5.815256 4.381108 0.252420
v -5.795949 4.375394 0.261311
v -5.775340 4.371228 0.267795
v -5.753846 4.368693 0.271738
v -5.886074 4.453116 0.143968
v -5.731905 4.388908 0.284564
v -5.884505 4.443978 0.163977
v -5.879829 4.435027 0.183578
v -5.872142 4.426443 0.202374
v -5.861600 4.418403 0.219980
v -5.848418 4.411068 0.236039
v -5.832864 4.404591 0.250223
v -5.815256 4.399101 0.262245
v -5.795950 4.394710 0.271859
v -5.775340 4.391509 0.278869
v -5.753846 4.389562 0.283133
v -5.886074 4.454941 0.144649
v -5.731905 4.411396 0.292952
v -5.884505 4.448744 0.165754
v -5.879829 4.442673 0.186430
v -5.872142 4.436852 0.206256
v -5.861600 4.431399 0.224827
v -5.848418 4.426425 0.241766
v -5.832864 4.422031 0.256728
v -5.815256 4.418308 0.269409
v -5.795950 4.415331 0.279550
v -5.775341 4.413159 0.286944
v -5.753847 4.411839 0.291442
v -5.886074 4.456844 0.145063
v -5.731906 4.434848 0.298053
v -5.884505 4.453714 0.166836
v -5.879829 4.450647 0.188165
v -5.872142 4.447707 0.208617
v -5.861600 4.444952 0.227775
v -5.848418 4.442440 0.245250
v -5.832864 4.440221 0.260685
v -5.815255 4.438340 0.273766
v -5.795949 4.436836 0.284228
v -5.775341 4.435740 0.291856
v -5.753847 4.435072 0.296496
v -5.886074 4.464294 -0.145583
v -5.731905 4.458789 -0.299752
v -5.884505 4.463511 -0.167524
v -5.879829 4.462743 -0.189018
v -5.872142 4.462007 -0.209627
v -5.861600 4.461318 -0.228933
v -5.848418 4.460689 -0.246542
v -5.832864 4.460133 -0.262096
v -5.815255 4.459662 -0.275278
v -5.795949 4.459286 -0.285820
v -5.775340 4.459012 -0.293507
v -5.753846 4.458845 -0.298183
v -5.886074 4.444740 -0.126027
v -5.731905 4.290572 -0.131534
v -5.884505 4.422800 -0.126811
v -5.879829 4.401306 -0.127579
v -5.872142 4.380696 -0.128315
v -5.861600 4.361390 -0.129005
v -5.848418 4.343781 -0.129634
v -5.832864 4.328228 -0.130189
v -5.815255 4.315046 -0.130660
v -5.795949 4.304504 -0.131037
v -5.775340 4.296817 -0.131311
v -5.753846 4.292141 -0.131478
v -5.886074 4.456845 -0.145050
v -5.731905 4.434849 -0.298040
v -5.884505 4.453714 -0.166823
v -5.879828 4.450648 -0.188153
v -5.872142 4.447707 -0.208605
v -5.861601 4.444952 -0.227763
v -5.848418 4.442440 -0.245237
v -5.832864 4.440221 -0.260672
v -5.815255 4.438340 -0.273753
v -5.795949 4.436836 -0.284214
v -5.775340 4.435740 -0.291843
v -5.753846 4.435073 -0.296482
v -5.886074 4.454940 -0.144636
v -5.731905 4.411396 -0.292938
v -5.884505 4.448743 -0.165742
v -5.879828 4.442673 -0.186418
v -5.872142 4.436851 -0.206243
v -5.861600 4.431398 -0.224814
v -5.848418 4.426425 -0.241753
v -5.832864 4.422031 -0.256715
v -5.815255 4.418308 -0.269396
v -5.795949 4.415331 -0.279536
v -5.775340 4.413160 -0.286931
v -5.753846 4.411839 -0.291428
v -5.886074 4.453116 -0.143956
v -5.731905 4.388909 -0.284550
v -5.884505 4.443978 -0.163965
v -5.879829 4.435027 -0.183566
v -5.872142 4.426443 -0.202361
v -5.861600 4.418403 -0.219967
v -5.848418 4.411069 -0.236026
v -5.832864 4.404591 -0.250210
v -5.815255 4.399101 -0.262232
v -5.795949 4.394711 -0.271845
v -5.775340 4.391509 -0.278855
v -5.753846 4.389562 -0.283119
v -5.886074 4.451406 -0.143022
v -5.731905 4.367843 -0.273048
v -5.884505 4.439514 -0.161527
v -5.879828 4.427863 -0.179655
v -5.872142 4.416692 -0.197037
v -5.861600 4.406228 -0.213319
v -5.848418 4.396684 -0.228171
v -5.832864 4.388254 -0.241289
v -5.815255 4.381108 -0.252407
v -5.795949 4.375394 -0.261298
v -5.775340 4.371228 -0.267781
v -5.753846 4.368694 -0.271724
v -5.886074 4.449846 -0.141854
v -5.731905 4.348629 -0.258664
v -5.884505 4.435441 -0.158478
v -5.879829 4.421330 -0.174763
v -5.872142 4.407799 -0.190379
v -5.861600 4.395124 -0.205007
v -5.848418 4.383563 -0.218348
v -5.832864 4.373352 -0.230133
v -5.815255 4.364697 -0.240121
v -5.795949 4.357776 -0.248108
v -5.775340 4.352730 -0.253933
v -5.753846 4.349660 -0.257475
v -5.886074 4.448470 -0.140478
v -5.731905 4.331658 -0.241693
v -5.884504 4.431846 -0.154882
v -5.879829 4.415560 -0.168994
v -5.872142 4.399944 -0.182524
v -5.861600 4.385316 -0.195199
v -5.848418 4.371974 -0.206760
v -5.832864 4.360190 -0.216971
v -5.815255 4.350202 -0.225626
v -5.795949 4.342215 -0.232547
v -5.775340 4.336390 -0.237593
v -5.753846 4.332847 -0.240663
v -5.886074 4.447301 -0.138917
v -5.731906 4.317275 -0.222479
v -5.884505 4.428797 -0.150809
v -5.879829 4.410668 -0.162459
v -5.872142 4.393286 -0.173630
v -5.861600 4.377004 -0.184094
v -5.848418 4.362153 -0.193639
v -5.832864 4.349034 -0.202069
v -5.815255 4.337917 -0.209214
v -5.795949 4.329026 -0.214928
v -5.775340 4.322543 -0.219094
v -5.753846 4.318599 -0.221629
v -5.886074 4.446368 -0.137208
v -5.731906 4.305773 -0.201414
v -5.884505 4.426359 -0.146346
v -5.879829 4.406757 -0.155297
v -5.872142 4.387962 -0.163881
v -5.861600 4.370356 -0.171921
v -5.848418 4.354298 -0.179255
v -5.832864 4.340113 -0.185732
v -5.815255 4.328092 -0.191222
v -5.795949 4.318478 -0.195612
v -5.775340 4.311468 -0.198814
v -5.753846 4.307203 -0.200761
v -5.886074 4.445687 -0.135382
v -5.731905 4.297385 -0.178926
v -5.884505 4.424582 -0.141579
v -5.879829 4.403905 -0.147650
v -5.872142 4.384080 -0.153471
v -5.861600 4.365509 -0.158924
v -5.848418 4.348570 -0.163898
v -5.832864 4.333608 -0.168291
v -5.815255 4.320928 -0.172014
v -5.795949 4.310788 -0.174992
v -5.775340 4.303392 -0.177163
v -5.753846 4.298895 -0.178483
v -5.886075 4.445273 -0.133479
v -5.731905 4.292284 -0.155474
v -5.884505 4.423501 -0.136610
v -5.879829 4.402171 -0.139676
v -5.872142 4.381719 -0.142617
v -5.861600 4.362560 -0.145371
v -5.848418 4.345086 -0.147883
v -5.832864 4.329652 -0.150102
v -5.815255 4.316571 -0.151983
v -5.795949 4.306109 -0.153487
v -5.775340 4.298481 -0.154583
v -5.753846 4.293841 -0.155250
v -0.980789 5.011669 0.195117
v -1.000004 5.011669 0.000028
v -0.980789 5.011668 -0.195060
v -0.923883 5.011666 -0.382652
v -0.831474 5.011666 -0.555537
v -0.707112 5.011665 -0.707072
v -0.555576 5.011664 -0.831434
v -0.382691 5.011664 -0.923844
v -0.195099 5.011664 -0.980749
v -0.093971 -0.868281 1.167500
v -0.000611 0.999757 1.000522
v 0.000000 5.085282 -0.999967
v 0.000000 5.085288 1.000018
v -0.509638 3.825444 -1.248205
v -0.099600 3.583823 1.550742
v -1.555073 -5.472646 -0.544259
v -1.555081 -5.472669 1.455729
v -0.555076 -5.472647 -0.544258
v -0.555082 -5.472667 1.455730
v -1.414449 -1.737241 1.050237
v -1.353527 -2.605750 0.764757
v -1.179588 -3.481556 0.643952
v -1.213036 -5.096211 0.505869
v -0.771387 -5.096211 0.505869
v -0.535780 -3.481573 0.643953
v -0.451055 -2.562129 0.813520
v -0.246411 -1.726868 1.127189
v -1.213030 -5.096191 -0.377424
v -1.179411 -3.480948 -0.643541
v -1.351316 -2.597981 -0.860418
v -1.492261 -1.562178 -1.063013
v -0.360155 -1.599712 -0.983500
v -0.449884 -2.556108 -0.811602
v -0.535655 -3.481050 -0.643544
v -0.771381 -5.096192 -0.377424
v -0.555078 -5.710352 -0.544263
v -1.555076 -5.710352 -0.544264
v -0.555083 -5.710368 1.455728
v -1.555082 -5.710368 1.455728
v -0.957200 0.917438 -0.980836
v -1.507617 -0.973806 -1.077755
v -0.420359 -0.923764 -0.927041
v -0.128079 0.881552 -0.941685
v -0.957200 0.917438 -0.980836
v -1.507617 -0.973806 -1.077755
v 0.160394 -0.906858 -0.724952
v 0.065666 0.913681 -0.871483
v -1.913170 3.704656 0.151246
v -4.933319 4.281785 0.230030
v -4.933318 4.281785 -0.230008
v -3.279536 3.928417 0.939622
v -3.484542 4.049260 -0.788395
v -5.015724 4.290571 0.000011
v -1.947336 3.724794 -0.082002
v -1.981501 3.744932 -0.315251
v -2.015666 3.765071 -0.548502
v -2.049832 3.785211 -0.781754
v -2.083997 3.805352 -1.015008
v -4.919585 4.280321 0.246443
v -4.905850 4.278856 0.262857
v -4.892116 4.277391 0.279270
v -4.878382 4.275927 0.295683
v -4.864648 4.274463 0.312096
v -4.947052 4.283249 -0.213595
v -4.960787 4.284713 -0.197182
v -4.974521 4.286178 -0.180769
v -4.988256 4.287642 -0.164356
v -5.001989 4.289106 -0.147943
v -3.017640 3.870986 1.041474
v -2.755745 3.813553 1.143328
v -2.493850 3.756123 1.245180
v -2.231955 3.698692 1.347033
v -1.970061 3.641261 1.448885
v -3.712271 4.086551 -0.711745
v -3.940000 4.123841 -0.635094
v -4.167729 4.161131 -0.558443
v -4.395456 4.198421 -0.481791
v -4.623183 4.235709 -0.405138
v -5.015724 4.290571 -0.021913
v -5.015724 4.290571 -0.043836
v -5.015724 4.290571 -0.065760
v -5.015724 4.290571 -0.087683
v -5.015724 4.290571 -0.109607
v -1.742336 3.603968 1.317487
v -1.776504 3.624106 1.084239
v -1.810671 3.644243 0.850990
v -1.844838 3.664381 0.617742
v -1.879004 3.684519 0.384494
v -5.001990 4.289106 0.147965
v -4.988256 4.287642 0.164378
v -4.974522 4.286178 0.180791
v -4.960787 4.284714 0.197204
v -4.947053 4.283249 0.213617
v -4.864648 4.274463 -0.312072
v -4.878382 4.275927 -0.295659
v -4.892116 4.277391 -0.279246
v -4.905850 4.278856 -0.262834
v -4.919583 4.280320 -0.246421
v -4.589017 4.215569 0.430360
v -4.327120 4.158138 0.532212
v -4.065223 4.100709 0.634064
v -3.803327 4.043278 0.735917
v -3.541432 3.985847 0.837769
v -2.345894 3.862792 -1.171623
v -2.573624 3.900088 -1.094981
v -2.801354 3.937382 -1.018336
v -3.029083 3.974676 -0.941691
v -3.256813 4.011967 -0.865043
v -5.015724 4.290570 0.109629
v -5.015724 4.290570 0.087705
v -5.015724 4.290571 0.065781
v -5.015724 4.290571 0.043858
v -5.015724 4.290571 0.021934
v -0.767493 7.011677 0.317911
v -0.923880 6.843220 0.382689
v -0.690726 7.011677 0.461533
v -0.831470 6.843220 0.555576
v -0.587414 7.011677 0.587419
v -0.707108 6.843220 0.707112
v -0.461529 7.011677 0.690730
v -0.555571 6.843220 0.831475
v -0.317907 7.011677 0.767497
v -0.382684 6.843220 0.923885
v -0.162068 7.011677 0.814771
v -0.195091 6.843220 0.980791
v 0.000000 7.011677 0.830733
v 0.000000 6.843221 1.000005
v 0.162066 7.011677 0.814771
v 0.195089 6.843221 0.980790
v 0.317905 7.011677 0.767497
v 0.382682 6.843220 0.923885
v 0.461527 7.011677 0.690730
v 0.555569 6.843221 0.831475
v 0.587412 7.011677 0.587418
v 0.707105 6.843221 0.707112
v 0.690724 7.011677 0.461533
v 0.831468 6.843221 0.555576
v 0.767491 7.011677 0.317911
v 0.923878 6.843221 0.382689
v 0.814764 7.011677 0.162072
v 0.980784 6.843220 0.195096
v 0.830727 7.011677 0.000005
v 0.999998 6.843219 0.000006
v 0.814764 7.011677 -0.162061
v 0.980784 6.843219 -0.195084
v 0.767491 7.011677 -0.317901
v 0.923878 6.843219 -0.382677
v 0.690724 7.011677 -0.461522
v 0.831468 6.843219 -0.555564
v 0.587412 7.011677 -0.587408
v 0.707105 6.843219 -0.707100
v 0.461527 7.011676 -0.690719
v 0.555569 6.843219 -0.831463
v 0.317905 7.011676 -0.767486
v 0.382682 6.843219 -0.923873
v 0.162066 7.011676 -0.814760
v 0.195089 6.843219 -0.980778
v 0.000000 7.011676 -0.830722
v 0.000000 6.843219 -0.999993
v -0.814766 7.011677 0.162072
v -0.980786 6.843220 0.195097
v -0.830729 7.011677 0.000006
v -1.000001 6.843219 0.000006
v -0.814766 7.011677 -0.162061
v -0.980786 6.843219 -0.195084
v -0.767493 7.011677 -0.317900
v -0.923880 6.843219 -0.382677
v -0.690726 7.011676 -0.461522
v -0.831470 6.843219 -0.555563
v -0.587414 7.011676 -0.587407
v -0.707108 6.843219 -0.707099
v -0.461529 7.011676 -0.690719
v -0.555571 6.843220 -0.831462
v -0.317907 7.011676 -0.767486
v -0.382684 6.843219 -0.923872
v -0.162068 7.011676 -0.814759
v -0.195091 6.843219 -0.980778
v -0.755912 0.369580 -1.327298
v -0.944588 -0.431512 -1.305802
v -0.099587 -0.754218 -0.955493
v -0.235706 0.262454 -1.122923
v 1.313586 -0.930361 1.080773
v 1.000210 0.999847 1.000527
v 1.507617 -0.973806 -1.077755
v 0.957200 0.917438 -0.980836
v -0.999636 -0.999887 1.000316
v -0.999461 0.999850 1.000303
v -0.999532 -1.003801 -1.001921
v -0.982681 0.993767 -0.995571
v 1.000003 5.085289 1.000019
v 1.000002 5.085283 -0.999967
v -0.999989 5.085284 -0.999974
v -0.999993 5.085289 1.000016
v -1.098913 3.825477 -1.248264
v -1.508983 3.583829 1.550726
v 1.708167 3.583830 1.550737
v 2.118165 3.825494 -1.248263
v 5.015724 4.657139 0.131550
v 5.015724 4.488922 0.299768
v 4.850914 4.674711 0.328506
v 5.015724 4.655427 0.155490
v 5.015724 4.650325 0.178943
v 5.015724 4.641938 0.201430
v 5.015724 4.630435 0.222495
v 5.015724 4.616052 0.241709
v 5.015724 4.599081 0.258680
v 5.015724 4.579867 0.273064
v 5.015724 4.558802 0.284566
v 5.015724 4.536314 0.292954
v 5.015724 4.512862 0.298056
v 5.015723 4.488922 -0.299749
v 5.015724 4.657139 -0.131533
v 4.850914 4.674711 -0.328488
v 5.015723 4.512862 -0.298037
v 5.015723 4.536314 -0.292935
v 5.015724 4.558803 -0.284548
v 5.015724 4.579868 -0.273045
v 5.015724 4.599081 -0.258662
v 5.015724 4.616052 -0.241691
v 5.015724 4.630435 -0.222477
v 5.015724 4.641938 -0.201412
v 5.015724 4.650325 -0.178925
v 5.015724 4.655427 -0.155472
v 5.015724 4.458787 0.299768
v 5.015724 4.290570 0.131552
v 4.850914 4.272999 0.328509
v 5.015724 4.434847 0.298056
v 5.015724 4.411395 0.292954
v 5.015724 4.388907 0.284567
v 5.015724 4.367842 0.273065
v 5.015723 4.348629 0.258682
v 5.015723 4.331657 0.241711
v 5.015723 4.317274 0.222497
v 5.015723 4.305771 0.201432
v 5.015723 4.297384 0.178944
v 5.015723 4.292282 0.155492
v 5.015724 4.290571 -0.131531
v 5.015724 4.458787 -0.299748
v 4.850913 4.272999 -0.328485
v 5.015724 4.292283 -0.155470
v 5.015724 4.297384 -0.178923
v 5.015724 4.305772 -0.201411
v 5.015724 4.317274 -0.222476
v 5.015724 4.331657 -0.241689
v 5.015724 4.348629 -0.258661
v 5.015724 4.367842 -0.273044
v 5.015723 4.388908 -0.284547
v 5.015723 4.411395 -0.292934
v 5.015724 4.434848 -0.298036
v 0.923883 5.011670 0.382709
v 0.831474 5.011671 0.555594
v 0.707111 5.011671 0.707129
v 0.555575 5.011672 0.831491
v 0.382689 5.011672 0.923900
v 0.195096 5.011672 0.980805
v -0.195084 5.011672 0.980804
v -0.382676 5.011672 0.923899
v -0.555562 5.011671 0.831489
v -0.707098 5.011671 0.707126
v -0.831461 5.011671 0.555590
v -0.923870 5.011670 0.382704
v -0.980775 5.011670 0.195112
v -0.999989 5.011669 0.000023
v -0.980774 5.011669 -0.195066
v -0.923868 5.011668 -0.382657
v -0.831458 5.011667 -0.555543
v -0.707095 5.011666 -0.707077
v -0.555559 5.011665 -0.831438
v -0.382672 5.011665 -0.923847
v -0.195080 5.011664 -0.980751
v 0.420359 -0.923764 -0.927041
v 0.128079 0.881552 -0.941685
v 5.886074 4.483417 0.145596
v 5.731906 4.488923 0.299765
v 5.884505 4.484200 0.167536
v 5.879829 4.484968 0.189030
v 5.872142 4.485704 0.209640
v 5.861600 4.486393 0.228946
v 5.848418 4.487022 0.246555
v 5.832864 4.487578 0.262109
v 5.815255 4.488049 0.275291
v 5.795949 4.488425 0.285833
v 5.775340 4.488699 0.293520
v 5.753846 4.488866 0.298196
v 5.886074 4.502971 0.126040
v 5.731905 4.657140 0.131548
v 5.884505 4.524911 0.126824
v 5.879829 4.546406 0.127591
v 5.872142 4.567015 0.128328
v 5.861600 4.586321 0.129017
v 5.848418 4.603930 0.129647
v 5.832864 4.619484 0.130202
v 5.815255 4.632667 0.130673
v 5.795949 4.643209 0.131050
v 5.775340 4.650895 0.131324
v 5.753846 4.655571 0.131492
v 5.886074 4.490866 0.145063
v 5.731905 4.512863 0.298053
v 5.884505 4.493997 0.166836
v 5.879829 4.497064 0.188165
v 5.872142 4.500004 0.208617
v 5.861600 4.502759 0.227775
v 5.848418 4.505271 0.245250
v 5.832864 4.507490 0.260685
v 5.815255 4.509371 0.273766
v 5.795949 4.510875 0.284227
v 5.775340 4.511971 0.291856
v 5.753846 4.512639 0.296496
v 5.886074 4.492771 0.144649
v 5.731905 4.536315 0.292951
v 5.884505 4.498968 0.165754
v 5.879829 4.505039 0.186430
v 5.872142 4.510860 0.206255
v 5.861600 4.516313 0.224827
v 5.848418 4.521287 0.241766
v 5.832864 4.525680 0.256728
v 5.815255 4.529403 0.269409
v 5.795949 4.532381 0.279549
v 5.775340 4.534552 0.286944
v 5.753846 4.535872 0.291442
v 5.886074 4.494595 0.143968
v 5.731905 4.558803 0.284564
v 5.884505 4.503733 0.163977
v 5.879829 4.512685 0.183578
v 5.872142 4.521268 0.202374
v 5.861600 4.529309 0.219980
v 5.848418 4.536643 0.236039
v 5.832864 4.543121 0.250223
v 5.815255 4.548610 0.262245
v 5.795949 4.553001 0.271858
v 5.775340 4.556202 0.278869
v 5.753846 4.558150 0.283133
v 5.886074 4.496305 0.143034
v 5.731905 4.579868 0.273061
v 5.884505 4.508197 0.161539
v 5.879829 4.519848 0.179667
v 5.872142 4.531019 0.197049
v 5.861600 4.541483 0.213332
v 5.848418 4.551028 0.228184
v 5.832864 4.559458 0.241302
v 5.815255 4.566604 0.252420
v 5.795949 4.572317 0.261311
v 5.775340 4.576484 0.267794
v 5.753846 4.579018 0.271738
v 5.886074 4.497865 0.141866
v 5.731905 4.599082 0.258678
v 5.884505 4.512269 0.158490
v 5.879829 4.526381 0.174776
v 5.872142 4.539913 0.190391
v 5.861600 4.552588 0.205019
v 5.848418 4.564148 0.218361
v 5.832864 4.574360 0.230146
v 5.815255 4.583014 0.240134
v 5.795949 4.589935 0.248121
v 5.775340 4.594982 0.253946
v 5.753846 4.598052 0.257489
v 5.886074 4.499241 0.140490
v 5.731905 4.616053 0.241707
v 5.884505 4.515866 0.154895
v 5.879829 4.532152 0.169006
v 5.872142 4.547767 0.182537
v 5.861600 4.562395 0.195212
v 5.848418 4.575737 0.206773
v 5.832864 4.587522 0.216984
v 5.815255 4.597510 0.225639
v 5.795949 4.605497 0.232560
v 5.775340 4.611322 0.237607
v 5.753846 4.614864 0.240676
v 5.886074 4.500410 0.138929
v 5.731905 4.630436 0.222493
v 5.884505 4.518915 0.150821
v 5.879829 4.537043 0.162471
v 5.872142 4.554425 0.173642
v 5.861600 4.570708 0.184107
v 5.848418 4.585559 0.193651
v 5.832864 4.598678 0.202082
v 5.815255 4.609795 0.209227
v 5.795949 4.618686 0.214941
v 5.775340 4.625169 0.219108
v 5.753846 4.629113 0.221642
v 5.886074 4.501343 0.137220
v 5.731905 4.641939 0.201428
v 5.884505 4.521353 0.146358
v 5.879829 4.540954 0.155310
v 5.872142 4.559749 0.163893
v 5.861600 4.577355 0.171933
v 5.848418 4.593414 0.179267
v 5.832864 4.607599 0.185745
v 5.815255 4.619620 0.191235
v 5.795949 4.629234 0.195625
v 5.775340 4.636244 0.198827
v 5.753846 4.640508 0.200774
v 5.886074 4.502024 0.135394
v 5.731905 4.650326 0.178940
v 5.884505 4.523130 0.141591
v 5.879829 4.543806 0.147662
v 5.872142 4.563632 0.153484
v 5.861600 4.582202 0.158937
v 5.848418 4.599142 0.163910
v 5.832864 4.614104 0.168304
v 5.815255 4.626784 0.172027
v 5.795949 4.636925 0.175005
v 5.775340 4.644319 0.177176
v 5.753846 4.648817 0.178497
v 5.886074 4.502438 0.133492
v 5.731905 4.655428 0.155488
v 5.884505 4.524210 0.136622
v 5.879829 4.545540 0.139689
v 5.872142 4.565993 0.142629
v 5.861600 4.585151 0.145383
v 5.848418 4.602625 0.147896
v 5.832864 4.618060 0.150115
v 5.815255 4.631142 0.151996
v 5.795949 4.641603 0.153500
v 5.775340 4.649231 0.154596
v 5.753846 4.653871 0.155264
v 5.886074 4.502971 -0.126028
v 5.731905 4.657140 -0.131535
v 5.884505 4.524911 -0.126811
v 5.879829 4.546405 -0.127579
v 5.872142 4.567015 -0.128316
v 5.861600 4.586321 -0.129006
v 5.848418 4.603930 -0.129635
v 5.832864 4.619484 -0.130190
v 5.815255 4.632666 -0.130661
v 5.795949 4.643208 -0.131038
v 5.775340 4.650895 -0.131312
v 5.753846 4.655571 -0.131479
v 5.886074 4.483417 -0.145583
v 5.731905 4.488923 -0.299752
v 5.884505 4.484200 -0.167524
v 5.879829 4.484968 -0.189018
v 5.872142 4.485704 -0.209627
v 5.861600 4.486393 -0.228933
v 5.848418 4.487022 -0.246543
v 5.832864 4.487578 -0.262096
v 5.815255 4.488049 -0.275278
v 5.795949 4.488425 -0.285820
v 5.775340 4.488699 -0.293507
v 5.753846 4.488866 -0.298183
v 5.886074 4.502438 -0.133480
v 5.731905 4.655428 -0.155475
v 5.884505 4.524210 -0.136610
v 5.879829 4.545540 -0.139677
v 5.872142 4.565992 -0.142617
v 5.861600 4.585151 -0.145372
v 5.848418 4.602625 -0.147884
v 5.832864 4.618060 -0.150103
v 5.815255 4.631141 -0.151984
v 5.795949 4.641603 -0.153488
v 5.775340 4.649231 -0.154584
v 5.753846 4.653871 -0.155251
v 5.886074 4.502024 -0.135382
v 5.731905 4.650326 -0.178928
v 5.884505 4.523129 -0.141579
v 5.879829 4.543806 -0.147650
v 5.872142 4.563631 -0.153472
v 5.861600 4.582202 -0.158925
v 5.848418 4.599141 -0.163899
v 5.832864 4.614103 -0.168292
v 5.815255 4.626784 -0.172015
v 5.795949 4.636924 -0.174993
v 5.775340 4.644319 -0.177164
v 5.753846 4.648817 -0.178484
v 5.886074 4.501343 -0.137208
v 5.731905 4.641938 -0.201415
v 5.884505 4.521352 -0.146346
v 5.879829 4.540954 -0.155298
v 5.872142 4.559749 -0.163881
v 5.861600 4.577355 -0.171921
v 5.848418 4.593414 -0.179255
v 5.832864 4.607598 -0.185733
v 5.815255 4.619620 -0.191223
v 5.795949 4.629234 -0.195613
v 5.775340 4.636244 -0.198815
v 5.753846 4.640508 -0.200762
v 5.886074 4.500410 -0.138917
v 5.731906 4.630436 -0.222480
v 5.884505 4.518914 -0.150809
v 5.879829 4.537043 -0.162459
v 5.872142 4.554425 -0.173630
v 5.861600 4.570707 -0.184095
v 5.848418 4.585559 -0.193639
v 5.832864 4.598677 -0.202070
v 5.815255 4.609795 -0.209215
v 5.795949 4.618686 -0.214929
v 5.775340 4.625169 -0.219095
v 5.753846 4.629112 -0.221630
v 5.886074 4.499241 -0.140478
v 5.731905 4.616053 -0.241694
v 5.884505 4.515865 -0.154883
v 5.879829 4.532151 -0.168994
v 5.872142 4.547767 -0.182525
v 5.861600 4.562395 -0.195200
v 5.848418 4.575737 -0.206760
v 5.832864 4.587522 -0.216972
v 5.815255 4.597509 -0.225626
v 5.795949 4.605497 -0.232547
v 5.775340 4.611321 -0.237594
v 5.753846 4.614864 -0.240664
v 5.886074 4.497864 -0.141855
v 5.731905 4.599082 -0.258665
v 5.884505 4.512269 -0.158479
v 5.879829 4.526381 -0.174764
v 5.872142 4.539912 -0.190380
v 5.861600 4.552587 -0.205008
v 5.848418 4.564148 -0.218350
v 5.832864 4.574360 -0.230135
v 5.815255 4.583014 -0.240122
v 5.795949 4.589935 -0.248110
v 5.775340 4.594982 -0.253934
v 5.753846 4.598052 -0.257476
v 5.886074 4.496305 -0.143022
v 5.731905 4.579868 -0.273048
v 5.884505 4.508198 -0.161526
v 5.879829 4.519848 -0.179655
v 5.872142 4.531019 -0.197037
v 5.861600 4.541483 -0.213320
v 5.848418 4.551027 -0.228171
v 5.832864 4.559458 -0.241289
v 5.815255 4.566603 -0.252407
v 5.795949 4.572317 -0.261298
v 5.775341 4.576483 -0.267781
v 5.753846 4.579018 -0.271725
v 5.886074 4.494595 -0.143956
v 5.731905 4.558803 -0.284551
v 5.884505 4.503733 -0.163964
v 5.879829 4.512684 -0.183566
v 5.872142 4.521268 -0.202361
v 5.861600 4.529308 -0.219967
v 5.848418 4.536643 -0.236026
v 5.832864 4.543120 -0.250210
v 5.815255 4.548610 -0.262232
v 5.795948 4.553001 -0.271846
v 5.775340 4.556202 -0.278856
v 5.753846 4.558149 -0.283120
v 5.886074 4.492770 -0.144636
v 5.731905 4.536315 -0.292938
v 5.884505 4.498967 -0.165742
v 5.879829 4.505038 -0.186418
v 5.872142 4.510859 -0.206243
v 5.861600 4.516312 -0.224815
v 5.848418 4.521286 -0.241754
v 5.832864 4.525680 -0.256716
v 5.815256 4.529403 -0.269396
v 5.795949 4.532380 -0.279537
v 5.775340 4.534552 -0.286931
v 5.753846 4.535872 -0.291429
v 5.886074 4.490867 -0.145050
v 5.731905 4.512863 -0.298040
v 5.884505 4.493997 -0.166823
v 5.879829 4.497064 -0.188153
v 5.872142 4.500004 -0.208605
v 5.861600 4.502759 -0.227763
v 5.848418 4.505270 -0.245237
v 5.832864 4.507490 -0.260672
v 5.815255 4.509371 -0.273753
v 5.795949 4.510875 -0.284214
v 5.775340 4.511971 -0.291843
v 5.753846 4.512639 -0.296483
v 5.886074 4.444740 0.126040
v 5.731905 4.290572 0.131549
v 5.884505 4.422800 0.126824
v 5.879829 4.401306 0.127592
v 5.872143 4.380696 0.128328
v 5.861600 4.361391 0.129018
v 5.848419 4.343781 0.129647
v 5.832864 4.328227 0.130203
v 5.815255 4.315045 0.130674
v 5.795949 4.304503 0.131051
v 5.775340 4.296817 0.131326
v 5.753846 4.292141 0.131493
v 5.886074 4.464294 0.145596
v 5.731906 4.458788 0.299765
v 5.884505 4.463511 0.167536
v 5.879829 4.462743 0.189030
v 5.872142 4.462007 0.209640
v 5.861600 4.461318 0.228946
v 5.848418 4.460689 0.246555
v 5.832864 4.460133 0.262109
v 5.815255 4.459662 0.275291
v 5.795949 4.459286 0.285833
v 5.775340 4.459012 0.293520
v 5.753847 4.458845 0.298196
v 5.886074 4.445273 0.133492
v 5.731905 4.292284 0.155489
v 5.884505 4.423501 0.136622
v 5.879829 4.402171 0.139689
v 5.872143 4.381719 0.142630
v 5.861601 4.362560 0.145384
v 5.848419 4.345086 0.147896
v 5.832865 4.329651 0.150116
v 5.815255 4.316570 0.151996
v 5.795949 4.306109 0.153501
v 5.775340 4.298481 0.154597
v 5.753846 4.293841 0.155265
v 5.886074 4.445687 0.135395
v 5.731905 4.297386 0.178941
v 5.884505 4.424582 0.141592
v 5.879829 4.403905 0.147663
v 5.872142 4.384080 0.153484
v 5.861601 4.365509 0.158937
v 5.848419 4.348570 0.163911
v 5.832865 4.333608 0.168305
v 5.815255 4.320927 0.172028
v 5.795949 4.310787 0.175006
v 5.775340 4.303392 0.177177
v 5.753846 4.298895 0.178498
v 5.886074 4.446368 0.137220
v 5.731905 4.305773 0.201429
v 5.884505 4.426359 0.146358
v 5.879829 4.406757 0.155310
v 5.872142 4.387962 0.163894
v 5.861601 4.370356 0.171934
v 5.848419 4.354298 0.179268
v 5.832865 4.340113 0.185746
v 5.815255 4.328091 0.191236
v 5.795949 4.318477 0.195626
v 5.775340 4.311467 0.198828
v 5.753846 4.307203 0.200775
v 5.886074 4.447301 0.138929
v 5.731905 4.317276 0.222494
v 5.884505 4.428797 0.150821
v 5.879829 4.410668 0.162472
v 5.872142 4.393286 0.173643
v 5.861601 4.377004 0.184107
v 5.848419 4.362152 0.193652
v 5.832865 4.349035 0.202083
v 5.815256 4.337916 0.209228
v 5.795949 4.329025 0.214942
v 5.775340 4.322542 0.219108
v 5.753846 4.318598 0.221643
v 5.886074 4.448470 0.140490
v 5.731905 4.331658 0.241707
v 5.884505 4.431846 0.154895
v 5.879829 4.415560 0.169006
v 5.872142 4.399944 0.182537
v 5.861600 4.385316 0.195212
v 5.848419 4.371974 0.206773
v 5.832865 4.360189 0.216985
v 5.815256 4.350202 0.225639
v 5.795949 4.342214 0.232560
v 5.775340 4.336390 0.237607
v 5.753846 4.332847 0.240677
v 5.886074 4.449847 0.141867
v 5.731905 4.348629 0.258679
v 5.884505 4.435442 0.158491
v 5.879829 4.421330 0.174777
v 5.872142 4.407799 0.190392
v 5.861600 4.395124 0.205020
v 5.848419 4.383563 0.218362
v 5.832865 4.373351 0.230147
v 5.815256 4.364697 0.240135
v 5.795949 4.357776 0.248123
v 5.775340 4.352729 0.253947
v 5.753846 4.349659 0.257490
v 5.886074 4.451406 0.143034
v 5.731905 4.367843 0.273062
v 5.884505 4.439513 0.161539
v 5.879829 4.427863 0.179667
v 5.872142 4.416692 0.197049
v 5.861600 4.406228 0.213332
v 5.848418 4.396684 0.228184
v 5.832865 4.388253 0.241302
v 5.815256 4.381108 0.252420
v 5.795949 4.375394 0.261311
v 5.775340 4.371228 0.267795
v 5.753846 4.368693 0.271738
v 5.886074 4.453116 0.143968
v 5.731905 4.388908 0.284564
v 5.884505 4.443978 0.163977
v 5.879829 4.435027 0.183578
v 5.872142 4.426443 0.202374
v 5.861600 4.418403 0.219980
v 5.848418 4.411068 0.236039
v 5.832864 4.404591 0.250223
v 5.815256 4.399101 0.262245
v 5.795950 4.394710 0.271859
v 5.775340 4.391509 0.278869
v 5.753846 4.389562 0.283133
v 5.886074 4.454941 0.144649
v 5.731905 4.411396 0.292952
v 5.884505 4.448744 0.165754
v 5.879829 4.442673 0.186430
v 5.872142 4.436852 0.206256
v 5.861600 4.431399 0.224827
v 5.848418 4.426425 0.241766
v 5.832864 4.422031 0.256728
v 5.815256 4.418308 0.269409
v 5.795950 4.415331 0.279550
v 5.775341 4.413159 0.286944
v 5.753847 4.411839 0.291442
v 5.886074 4.456844 0.145063
v 5.731906 4.434848 0.298053
v 5.884505 4.453714 0.166836
v 5.879829 4.450647 0.188165
v 5.872142 4.447707 0.208617
v 5.861600 4.444952 0.227775
v 5.848418 4.442440 0.245250
v 5.832864 4.440221 0.260685
v 5.815255 4.438340 0.273766
v 5.795949 4.436836 0.284228
v 5.775341 4.435740 0.291856
v 5.753847 4.435072 0.296496
v 5.886074 4.464294 -0.145583
v 5.731905 4.458789 -0.299752
v 5.884505 4.463511 -0.167524
v 5.879829 4.462743 -0.189018
v 5.872142 4.462007 -0.209627
v 5.861600 4.461318 -0.228933
v 5.848418 4.460689 -0.246542
v 5.832864 4.460133 -0.262096
v 5.815255 4.459662 -0.275278
v 5.795949 4.459286 -0.285820
v 5.775340 4.459012 -0.293507
v 5.753846 4.458845 -0.298183
v 5.886074 4.444740 -0.126027
v 5.731905 4.290572 -0.131534
v 5.884505 4.422800 -0.126811
v 5.879829 4.401306 -0.127579
v 5.872142 4.380696 -0.128315
v 5.861600 4.361390 -0.129005
v 5.848418 4.343781 -0.129634
v 5.832864 4.328228 -0.130189
v 5.815255 4.315046 -0.130660
v 5.795949 4.304504 -0.131037
v 5.775340 4.296817 -0.131311
v 5.753846 4.292141 -0.131478
v 5.886074 4.456845 -0.145050
v 5.731905 4.434849 -0.298040
v 5.884505 4.453714 -0.166823
v 5.879828 4.450648 -0.188153
v 5.872142 4.447707 -0.208605
v 5.861601 4.444952 -0.227763
v 5.848418 4.442440 -0.245237
v 5.832864 4.440221 -0.260672
v 5.815255 4.438340 -0.273753
v 5.795949 4.436836 -0.284214
v 5.775340 4.435740 -0.291843
v 5.753846 4.435073 -0.296482
v 5.886074 4.454940 -0.144636
v 5.731905 4.411396 -0.292938
v 5.884505 4.448743 -0.165742
v 5.879828 4.442673 -0.186418
v 5.872142 4.436851 -0.206243
v 5.861600 4.431398 -0.224814
v 5.848418 4.426425 -0.241753
v 5.832864 4.422031 -0.256715
v 5.815255 4.418308 -0.269396
v 5.795949 4.415331 -0.279536
v 5.775340 4.413160 -0.286931
v 5.753846 4.411839 -0.291428
v 5.886074 4.453116 -0.143956
v 5.731905 4.388909 -0.284550
v 5.884505 4.443978 -0.163965
v 5.879829 4.435027 -0.183566
v 5.872142 4.426443 -0.202361
v 5.861600 4.418403 -0.219967
v 5.848418 4.411069 -0.236026
v 5.832864 4.404591 -0.250210
v 5.815255 4.399101 -0.262232
v 5.795949 4.394711 -0.271845
v 5.775340 4.391509 -0.278855
v 5.753846 4.389562 -0.283119
v 5.886074 4.451406 -0.143022
v 5.731905 4.367843 -0.273048
v 5.884505 4.439514 -0.161527
v 5.879828 4.427863 -0.179655
v 5.872142 4.416692 -0.197037
v 5.861600 4.406228 -0.213319
v 5.848418 4.396684 -0.228171
v 5.832864 4.388254 -0.241289
v 5.815255 4.381108 -0.252407
v 5.795949 4.375394 -0.261298
v 5.775340 4.371228 -0.267781
v 5.753846 4.368694 -0.271724
v 5.886074 4.449846 -0.141854
v 5.731905 4.348629 -0.258664
v 5.884505 4.435441 -0.158478
v 5.879829 4.421330 -0.174763
v 5.872142 4.407799 -0.190379
v 5.861600 4.395124 -0.205007
v 5.848418 4.383563 -0.218348
v 5.832864 4.373352 -0.230133
v 5.815255 4.364697 -0.240121
v 5.795949 4.357776 -0.248108
v 5.775340 4.352730 -0.253933
v 5.753846 4.349660 -0.257475
v 5.886074 4.448470 -0.140478
v 5.731905 4.331658 -0.241693
v 5.884504 4.431846 -0.154882
v 5.879829 4.415560 -0.168994
v 5.872142 4.399944 -0.182524
v 5.861600 4.385316 -0.195199
v 5.848418 4.371974 -0.206760
v 5.832864 4.360190 -0.216971
v 5.815255 4.350202 -0.225626
v 5.795949 4.342215 -0.232547
v 5.775340 4.336390 -0.237593
v 5.753846 4.332847 -0.240663
v 5.886074 4.447301 -0.138917
v 5.731906 4.317275 -0.222479
v 5.884505 4.428797 -0.150809
v 5.879829 4.410668 -0.162459
v 5.872142 4.393286 -0.173630
v 5.861600 4.377004 -0.184094
v 5.848418 4.362153 -0.193639
v 5.832864 4.349034 -0.202069
v 5.815255 4.337917 -0.209214
v 5.795949 4.329026 -0.214928
v 5.775340 4.322543 -0.219094
v 5.753846 4.318599 -0.221629
v 5.886074 4.446368 -0.137208
v 5.731906 4.305773 -0.201414
v 5.884505 4.426359 -0.146346
v 5.879829 4.406757 -0.155297
v 5.872142 4.387962 -0.163881
v 5.861600 4.370356 -0.171921
v 5.848418 4.354298 -0.179255
v 5.832864 4.340113 -0.185732
v 5.815255 4.328092 -0.191222
v 5.795949 4.318478 -0.195612
v 5.775340 4.311468 -0.198814
v 5.753846 4.307203 -0.200761
v 5.886074 4.445687 -0.135382
v 5.731905 4.297385 -0.178926
v 5.884505 4.424582 -0.141579
v 5.879829 4.403905 -0.147650
v 5.872142 4.384080 -0.153471
v 5.861600 4.365509 -0.158924
v 5.848418 4.348570 -0.163898
v 5.832864 4.333608 -0.168291
v 5.815255 4.320928 -0.172014
v 5.795949 4.310788 -0.174992
v 5.775340 4.303392 -0.177163
v 5.753846 4.298895 -0.178483
v 5.886075 4.445273 -0.133479
v 5.731905 4.292284 -0.155474
v 5.884505 4.423501 -0.136610
v 5.879829 4.402171 -0.139676
v 5.872142 4.381719 -0.142617
v 5.861600 4.362560 -0.145371
v 5.848418 4.345086 -0.147883
v 5.832864 4.329652 -0.150102
v 5.815255 4.316571 -0.151983
v 5.795949 4.306109 -0.153487
v 5.775340 4.298481 -0.154583
v 5.753846 4.293841 -0.155250
v 0.980789 5.011669 0.195117
v 1.000004 5.011669 0.000028
v 0.980789 5.011668 -0.195060
v 0.923883 5.011666 -0.382652
v 0.831474 5.011666 -0.555537
v 0.707112 5.011665 -0.707072
v 0.555576 5.011664 -0.831434
v 0.382691 5.011664 -0.923844
v 0.195099 5.011664 -0.980749
v 0.093971 -0.868281 1.167500
v 0.000611 0.999757 1.000522
v 0.509638 3.825444 -1.248205
v 0.099600 3.583823 1.550742
v 1.555073 -5.472646 -0.544259
v 1.555081 -5.472669 1.455729
v 0.555076 -5.472647 -0.544258
v 0.555082 -5.472667 1.455730
v 1.414449 -1.737241 1.050237
v 1.353527 -2.605750 0.764757
v 1.179588 -3.481556 0.643952
v 1.213036 -5.096211 0.505869
v 0.771387 -5.096211 0.505869
v 0.535780 -3.481573 0.643953
v 0.451055 -2.562129 0.813520
v 0.246411 -1.726868 1.127189
v 1.213030 -5.096191 -0.377424
v 1.179411 -3.480948 -0.643541
v 1.351316 -2.597981 -0.860418
v 1.492261 -1.562178 -1.063013
v 0.360155 -1.599712 -0.983500
v 0.449884 -2.556108 -0.811602
v 0.535655 -3.481050 -0.643544
v 0.771381 -5.096192 -0.377424
v 0.555078 -5.710352 -0.544263
v 1.555076 -5.710352 -0.544264
v 0.555083 -5.710368 1.455728
v 1.555082 -5.710368 1.455728
v 0.957200 0.917438 -0.980836
v 1.507617 -0.973806 -1.077755
v 0.420359 -0.923764 -0.927041
v 0.128079 0.881552 -0.941685
v 0.957200 0.917438 -0.980836
v 1.507617 -0.973806 -1.077755
v -0.160394 -0.906858 -0.724952
v -0.065666 0.913681 -0.871483
v 1.913170 3.704656 0.151246
v 4.933319 4.281785 0.230030
v 4.933318 4.281785 -0.230008
v 3.279536 3.928417 0.939622
v 3.484542 4.049260 -0.788395
v 5.015724 4.290571 0.000011
v 1.947336 3.724794 -0.082002
v 1.981501 3.744932 -0.315251
v 2.015666 3.765071 -0.548502
v 2.049832 3.785211 -0.781754
v 2.083997 3.805352 -1.015008
v 4.919585 4.280321 0.246443
v 4.905850 4.278856 0.262857
v 4.892116 4.277391 0.279270
v 4.878382 4.275927 0.295683
v 4.864648 4.274463 0.312096
v 4.947052 4.283249 -0.213595
v 4.960787 4.284713 -0.197182
v 4.974521 4.286178 -0.180769
v 4.988256 4.287642 -0.164356
v 5.001989 4.289106 -0.147943
v 3.017640 3.870986 1.041474
v 2.755745 3.813553 1.143328
v 2.493850 3.756123 1.245180
v 2.231955 3.698692 1.347033
v 1.970061 3.641261 1.448885
v 3.712271 4.086551 -0.711745
v 3.940000 4.123841 -0.635094
v 4.167729 4.161131 -0.558443
v 4.395456 4.198421 -0.481791
v 4.623183 4.235709 -0.405138
v 5.015724 4.290571 -0.021913
v 5.015724 4.290571 -0.043836
v 5.015724 4.290571 -0.065760
v 5.015724 4.290571 -0.087683
v 5.015724 4.290571 -0.109607
v 1.742336 3.603968 1.317487
v 1.776504 3.624106 1.084239
v 1.810671 3.644243 0.850990
v 1.844838 3.664381 0.617742
v 1.879004 3.684519 0.384494
v 5.001990 4.289106 0.147965
v 4.988256 4.287642 0.164378
v 4.974522 4.286178 0.180791
v 4.960787 4.284714 0.197204
v 4.947053 4.283249 0.213617
v 4.864648 4.274463 -0.312072
v 4.878382 4.275927 -0.295659
v 4.892116 4.277391 -0.279246
v 4.905850 4.278856 -0.262834
v 4.919583 4.280320 -0.246421
v 4.589017 4.215569 0.430360
v 4.327120 4.158138 0.532212
v 4.065223 4.100709 0.634064
v 3.803327 4.043278 0.735917
v 3.541432 3.985847 0.837769
v 2.345894 3.862792 -1.171623
v 2.573624 3.900088 -1.094981
v 2.801354 3.937382 -1.018336
v 3.029083 3.974676 -0.941691
v 3.256813 4.011967 -0.865043
v 5.015724 4.290570 0.109629
v 5.015724 4.290570 0.087705
v 5.015724 4.290571 0.065781
v 5.015724 4.290571 0.043858
v 5.015724 4.290571 0.021934
v 0.767493 7.011677 0.317911
v 0.923880 6.843220 0.382689
v 0.690726 7.011677 0.461533
v 0.831470 6.843220 0.555576
v 0.587414 7.011677 0.587419
v 0.707108 6.843220 0.707112
v 0.461529 7.011677 0.690730
v 0.555571 6.843220 0.831475
v 0.317907 7.011677 0.767497
v 0.382684 6.843220 0.923885
v 0.162068 7.011677 0.814771
v 0.195091 6.843220 0.980791
v -0.162066 7.011677 0.814771
v -0.195089 6.843221 0.980790
v -0.317905 7.011677 0.767497
v -0.382682 6.843220 0.923885
v -0.461527 7.011677 0.690730
v -0.555569 6.843221 0.831475
v -0.587412 7.011677 0.587418
v -0.707105 6.843221 0.707112
v -0.690724 7.011677 0.461533
v -0.831468 6.843221 0.555576
v -0.767491 7.011677 0.317911
v -0.923878 6.843221 0.382689
v -0.814764 7.011677 0.162072
v -0.980784 6.843220 0.195096
v -0.830727 7.011677 0.000005
v -0.999998 6.843219 0.000006
v -0.814764 7.011677 -0.162061
v -0.980784 6.843219 -0.195084
v -0.767491 7.011677 -0.317901
v -0.923878 6.843219 -0.382677
v -0.690724 7.011677 -0.461522
v -0.831468 6.843219 -0.555564
v -0.587412 7.011677 -0.587408
v -0.707105 6.843219 -0.707100
v -0.461527 7.011676 -0.690719
v -0.555569 6.843219 -0.831463
v -0.317905 7.011676 -0.767486
v -0.382682 6.843219 -0.923873
v -0.162066 7.011676 -0.814760
v -0.195089 6.843219 -0.980778
v 0.814766 7.011677 0.162072
v 0.980786 6.843220 0.195097
v 0.830729 7.011677 0.000006
v 1.000001 6.843219 0.000006
v 0.814766 7.011677 -0.162061
v 0.980786 6.843219 -0.195084
v 0.767493 7.011677 -0.317900
v 0.923880 6.843219 -0.382677
v 0.690726 7.011676 -0.461522
v 0.831470 6.843219 -0.555563
v 0.587414 7.011676 -0.587407
v 0.707108 6.843219 -0.707099
v 0.461529 7.011676 -0.690719
v 0.555571 6.843220 -0.831462
v 0.317907 7.011676 -0.767486
v 0.382684 6.843219 -0.923872
v 0.162068 7.011676 -0.814759
v 0.195091 6.843219 -0.980778
v 0.755912 0.369580 -1.327298
v 0.944588 -0.431512 -1.305802
v 0.099587 -0.754218 -0.955493
v 0.235706 0.262454 -1.122923
vn -0.9750 0.2203 0.0289
vn -0.0508 0.0015 -0.9987
vn 1.0000 0.0043 -0.0042
vn -0.0409 0.0693 0.9968
vn -0.0819 -0.9964 0.0210
vn 0.9757 0.2068 -0.0730
vn -0.0000 1.0000 -0.0000
vn -0.0000 0.3444 0.9388
vn -0.0000 0.1933 -0.9811
vn 0.0146 -0.0938 -0.9955
vn 0.0001 -0.2083 0.9781
vn -0.9439 -0.3244 0.0617
vn 0.9896 -0.1092 -0.0935
vn -0.1882 0.9796 0.0700
vn -0.3197 0.9259 0.2014
vn -0.4147 0.8526 0.3180
vn -0.4779 0.7710 0.4210
vn -0.5148 0.6863 0.5138
vn -0.5294 0.5999 0.5999
vn -0.5234 0.5107 0.6821
vn -0.4959 0.4162 0.7622
vn -0.4440 0.3131 0.8395
vn -0.3628 0.1981 0.9106
vn -0.2465 0.0691 0.9667
vn -0.2465 0.0691 -0.9667
vn -0.3628 0.1981 -0.9106
vn -0.4440 0.3131 -0.8395
vn -0.4959 0.4162 -0.7622
vn -0.5234 0.5107 -0.6821
vn -0.5294 0.5999 -0.5999
vn -0.5148 0.6863 -0.5138
vn -0.4779 0.7710 -0.4210
vn -0.4147 0.8526 -0.3180
vn -0.3198 0.9258 -0.2014
vn -0.1882 0.9796 -0.0700
vn -0.2465 -0.0691 0.9667
vn -0.3628 -0.1981 0.9106
vn -0.4441 -0.3131 0.8395
vn -0.4959 -0.4162 0.7622
vn -0.5233 -0.5107 0.6822
vn -0.5294 -0.5999 0.5999
vn -0.5148 -0.6863 0.5138
vn -0.4779 -0.7710 0.4210
vn -0.4147 -0.8526 0.3180
vn -0.3198 -0.9258 0.2014
vn -0.1882 -0.9796 0.0700
vn -0.1881 -0.9796 -0.0701
vn -0.3198 -0.9258 -0.2014
vn -0.4147 -0.8526 -0.3180
vn -0.4779 -0.7710 -0.4210
vn -0.5148 -0.6863 -0.5138
vn -0.5294 -0.5999 -0.5999
vn -0.5233 -0.5107 -0.6822
vn -0.4959 -0.4162 -0.7622
vn -0.4440 -0.3131 -0.8395
vn -0.3628 -0.1981 -0.9106
vn -0.2465 -0.0691 -0.9667
vn -0.2315 0.3459 0.9093
vn -0.1060 0.9944 -0.0000
vn -0.2228 0.2861 -0.9319
vn -0.1863 -0.9814 -0.0457
vn -0.9975 -0.0712 -0.0051
vn -0.9772 -0.2120 -0.0152
vn -0.9369 -0.3486 -0.0249
vn -0.8777 -0.4780 -0.0342
vn -0.8005 -0.5978 -0.0428
vn -0.7071 -0.7053 -0.0504
vn -0.5993 -0.7985 -0.0571
vn -0.4793 -0.8754 -0.0626
vn -0.3495 -0.9346 -0.0668
vn -0.2126 -0.9747 -0.0697
vn -0.0713 -0.9949 -0.0711
vn -0.9975 -0.0697 -0.0151
vn -0.9771 -0.2077 -0.0453
vn -0.9369 -0.3415 -0.0743
vn -0.8777 -0.4683 -0.1019
vn -0.8005 -0.5856 -0.1274
vn -0.7071 -0.6909 -0.1503
vn -0.5993 -0.7823 -0.1701
vn -0.4792 -0.8576 -0.1866
vn -0.3495 -0.9155 -0.1992
vn -0.2126 -0.9548 -0.2077
vn -0.0713 -0.9747 -0.2120
vn -0.9975 -0.0668 -0.0249
vn -0.9771 -0.1992 -0.0743
vn -0.9370 -0.3274 -0.1222
vn -0.8777 -0.4490 -0.1675
vn -0.8005 -0.5615 -0.2094
vn -0.7071 -0.6625 -0.2471
vn -0.5993 -0.7501 -0.2798
vn -0.4792 -0.8223 -0.3067
vn -0.3495 -0.8779 -0.3274
vn -0.2126 -0.9155 -0.3415
vn -0.0713 -0.9346 -0.3486
vn -0.9975 -0.0626 -0.0342
vn -0.9771 -0.1866 -0.1019
vn -0.9370 -0.3067 -0.1674
vn -0.8777 -0.4206 -0.2297
vn -0.8005 -0.5260 -0.2872
vn -0.7071 -0.6206 -0.3389
vn -0.5993 -0.7026 -0.3837
vn -0.4792 -0.7703 -0.4207
vn -0.3495 -0.8223 -0.4491
vn -0.2126 -0.8576 -0.4683
vn -0.0713 -0.8754 -0.4780
vn -0.9975 -0.0571 -0.0427
vn -0.9772 -0.1701 -0.1274
vn -0.9369 -0.2798 -0.2095
vn -0.8777 -0.3837 -0.2872
vn -0.8005 -0.4798 -0.3591
vn -0.7071 -0.5661 -0.4237
vn -0.5993 -0.6409 -0.4797
vn -0.4793 -0.7026 -0.5260
vn -0.3495 -0.7501 -0.5615
vn -0.2126 -0.7823 -0.5856
vn -0.0713 -0.7985 -0.5977
vn -0.9974 -0.0505 -0.0504
vn -0.9771 -0.1503 -0.1503
vn -0.9370 -0.2471 -0.2471
vn -0.8777 -0.3389 -0.3389
vn -0.8005 -0.4237 -0.4238
vn -0.7071 -0.5000 -0.5000
vn -0.5993 -0.5661 -0.5661
vn -0.4792 -0.6206 -0.6206
vn -0.3495 -0.6625 -0.6625
vn -0.2126 -0.6909 -0.6910
vn -0.0713 -0.7053 -0.7053
vn -0.9975 -0.0428 -0.0571
vn -0.9771 -0.1274 -0.1702
vn -0.9370 -0.2094 -0.2797
vn -0.8777 -0.2872 -0.3836
vn -0.8005 -0.3591 -0.4797
vn -0.7071 -0.4238 -0.5661
vn -0.5993 -0.4798 -0.6408
vn -0.4792 -0.5260 -0.7026
vn -0.3494 -0.5615 -0.7501
vn -0.2126 -0.5856 -0.7822
vn -0.0714 -0.5978 -0.7985
vn -0.9975 -0.0342 -0.0626
vn -0.9771 -0.1019 -0.1865
vn -0.9370 -0.1675 -0.3067
vn -0.8777 -0.2297 -0.4206
vn -0.8005 -0.2872 -0.5260
vn -0.7071 -0.3389 -0.6206
vn -0.5993 -0.3837 -0.7026
vn -0.4792 -0.4206 -0.7703
vn -0.3495 -0.4490 -0.8223
vn -0.2125 -0.4683 -0.8576
vn -0.0713 -0.4780 -0.8754
vn -0.9975 -0.0249 -0.0668
vn -0.9771 -0.0743 -0.1992
vn -0.9370 -0.1221 -0.3274
vn -0.8777 -0.1675 -0.4490
vn -0.8005 -0.2094 -0.5615
vn -0.7071 -0.2471 -0.6625
vn -0.5993 -0.2798 -0.7501
vn -0.4792 -0.3067 -0.8223
vn -0.3495 -0.3274 -0.8779
vn -0.2126 -0.3415 -0.9155
vn -0.0713 -0.3486 -0.9346
vn -0.9974 -0.0152 -0.0698
vn -0.9771 -0.0452 -0.2078
vn -0.9370 -0.0743 -0.3415
vn -0.8777 -0.1019 -0.4683
vn -0.8005 -0.1274 -0.5856
vn -0.7071 -0.1503 -0.6909
vn -0.5993 -0.1702 -0.7822
vn -0.4792 -0.1866 -0.8576
vn -0.3495 -0.1992 -0.9155
vn -0.2126 -0.2077 -0.9548
vn -0.0713 -0.2120 -0.9747
vn -0.9975 -0.0051 -0.0712
vn -0.9771 -0.0152 -0.2120
vn -0.9369 -0.0250 -0.3486
vn -0.8777 -0.0342 -0.4780
vn -0.8005 -0.0427 -0.5978
vn -0.7071 -0.0504 -0.7053
vn -0.5993 -0.0571 -0.7985
vn -0.4793 -0.0626 -0.8754
vn -0.3495 -0.0668 -0.9346
vn -0.2126 -0.0697 -0.9747
vn -0.0713 -0.0712 -0.9949
vn -0.9975 0.0712 -0.0051
vn -0.9771 0.2120 -0.0152
vn -0.9370 0.3486 -0.0249
vn -0.8777 0.4780 -0.0342
vn -0.8005 0.5978 -0.0428
vn -0.7071 0.7053 -0.0505
vn -0.5993 0.7985 -0.0571
vn -0.4792 0.8754 -0.0626
vn -0.3495 0.9346 -0.0668
vn -0.2126 0.9747 -0.0697
vn -0.0713 0.9949 -0.0711
vn -0.9975 0.0697 -0.0151
vn -0.9771 0.2077 -0.0452
vn -0.9370 0.3415 -0.0743
vn -0.8777 0.4683 -0.1019
vn -0.8005 0.5856 -0.1274
vn -0.7071 0.6910 -0.1503
vn -0.5993 0.7822 -0.1701
vn -0.4792 0.8576 -0.1866
vn -0.3495 0.9155 -0.1992
vn -0.2125 0.9548 -0.2077
vn -0.0713 0.9747 -0.2120
vn -0.9975 0.0668 -0.0249
vn -0.9771 0.1992 -0.0743
vn -0.9370 0.3274 -0.1221
vn -0.8777 0.4490 -0.1675
vn -0.8005 0.5615 -0.2094
vn -0.7071 0.6625 -0.2471
vn -0.5993 0.7501 -0.2798
vn -0.4792 0.8224 -0.3067
vn -0.3495 0.8779 -0.3274
vn -0.2125 0.9155 -0.3415
vn -0.0713 0.9346 -0.3486
vn -0.9975 0.0626 -0.0342
vn -0.9771 0.1866 -0.1019
vn -0.9370 0.3067 -0.1675
vn -0.8777 0.4206 -0.2297
vn -0.8005 0.5260 -0.2872
vn -0.7071 0.6206 -0.3389
vn -0.5993 0.7026 -0.3837
vn -0.4793 0.7703 -0.4207
vn -0.3495 0.8223 -0.4491
vn -0.2126 0.8576 -0.4683
vn -0.0713 0.8754 -0.4780
vn -0.9975 0.0571 -0.0427
vn -0.9771 0.1702 -0.1274
vn -0.9370 0.2798 -0.2094
vn -0.8777 0.3837 -0.2872
vn -0.8005 0.4798 -0.3591
vn -0.7071 0.5661 -0.4237
vn -0.5993 0.6409 -0.4797
vn -0.4792 0.7026 -0.5260
vn -0.3495 0.7501 -0.5615
vn -0.2126 0.7822 -0.5856
vn -0.0713 0.7985 -0.5977
vn -0.9974 0.0504 -0.0505
vn -0.9771 0.1503 -0.1504
vn -0.9370 0.2471 -0.2471
vn -0.8777 0.3389 -0.3389
vn -0.8005 0.4238 -0.4238
vn -0.7071 0.5000 -0.5000
vn -0.5993 0.5661 -0.5661
vn -0.4793 0.6206 -0.6206
vn -0.3495 0.6625 -0.6625
vn -0.2126 0.6910 -0.6909
vn -0.0713 0.7053 -0.7053
vn -0.9975 0.0428 -0.0571
vn -0.9771 0.1274 -0.1702
vn -0.9370 0.2094 -0.2798
vn -0.8777 0.2872 -0.3836
vn -0.8005 0.3591 -0.4798
vn -0.7071 0.4237 -0.5661
vn -0.5993 0.4797 -0.6409
vn -0.4792 0.5260 -0.7026
vn -0.3495 0.5615 -0.7501
vn -0.2126 0.5856 -0.7822
vn -0.0713 0.5977 -0.7985
vn -0.9975 0.0342 -0.0626
vn -0.9772 0.1019 -0.1865
vn -0.9370 0.1675 -0.3067
vn -0.8777 0.2297 -0.4206
vn -0.8005 0.2872 -0.5260
vn -0.7071 0.3389 -0.6206
vn -0.5993 0.3837 -0.7026
vn -0.4792 0.4206 -0.7703
vn -0.3495 0.4490 -0.8223
vn -0.2126 0.4683 -0.8576
vn -0.0713 0.4780 -0.8754
vn -0.9975 0.0249 -0.0668
vn -0.9771 0.0743 -0.1992
vn -0.9370 0.1221 -0.3274
vn -0.8777 0.1675 -0.4490
vn -0.8005 0.2094 -0.5615
vn -0.7071 0.2471 -0.6625
vn -0.5993 0.2798 -0.7501
vn -0.4792 0.3067 -0.8224
vn -0.3495 0.3274 -0.8779
vn -0.2126 0.3415 -0.9155
vn -0.0713 0.3486 -0.9346
vn -0.9975 0.0152 -0.0697
vn -0.9771 0.0452 -0.2077
vn -0.9369 0.0743 -0.3415
vn -0.8777 0.1019 -0.4683
vn -0.8005 0.1274 -0.5856
vn -0.7071 0.1503 -0.6910
vn -0.5993 0.1701 -0.7822
vn -0.4792 0.1865 -0.8576
vn -0.3495 0.1992 -0.9155
vn -0.2126 0.2077 -0.9548
vn -0.0713 0.2120 -0.9747
vn -0.9975 0.0051 -0.0711
vn -0.9771 0.0152 -0.2120
vn -0.9370 0.0249 -0.3486
vn -0.8777 0.0342 -0.4780
vn -0.8005 0.0427 -0.5977
vn -0.7071 0.0504 -0.7053
vn -0.5993 0.0571 -0.7985
vn -0.4792 0.0626 -0.8755
vn -0.3495 0.0668 -0.9346
vn -0.2126 0.0697 -0.9747
vn -0.0713 0.0712 -0.9949
vn -0.9975 0.0051 0.0711
vn -0.9771 0.0152 0.2120
vn -0.9370 0.0249 0.3486
vn -0.8777 0.0342 0.4780
vn -0.8005 0.0428 0.5977
vn -0.7071 0.0504 0.7053
vn -0.5993 0.0571 0.7985
vn -0.4793 0.0626 0.8754
vn -0.3495 0.0668 0.9346
vn -0.2126 0.0697 0.9747
vn -0.0713 0.0712 0.9949
vn -0.9975 0.0152 0.0697
vn -0.9771 0.0452 0.2077
vn -0.9370 0.0743 0.3415
vn -0.8777 0.1019 0.4683
vn -0.8005 0.1274 0.5856
vn -0.7071 0.1503 0.6909
vn -0.5993 0.1702 0.7823
vn -0.4792 0.1866 0.8576
vn -0.3495 0.1992 0.9155
vn -0.2126 0.2077 0.9548
vn -0.0713 0.2120 0.9747
vn -0.9975 0.0249 0.0668
vn -0.9772 0.0743 0.1991
vn -0.9369 0.1221 0.3274
vn -0.8777 0.1675 0.4490
vn -0.8005 0.2094 0.5615
vn -0.7071 0.2471 0.6625
vn -0.5993 0.2798 0.7501
vn -0.4793 0.3067 0.8223
vn -0.3495 0.3274 0.8779
vn -0.2126 0.3415 0.9155
vn -0.0713 0.3486 0.9346
vn -0.9975 0.0342 0.0626
vn -0.9772 0.1019 0.1865
vn -0.9370 0.1675 0.3067
vn -0.8777 0.2297 0.4207
vn -0.8005 0.2872 0.5260
vn -0.7071 0.3389 0.6206
vn -0.5993 0.3837 0.7026
vn -0.4792 0.4206 0.7703
vn -0.3495 0.4490 0.8223
vn -0.2126 0.4683 0.8576
vn -0.0713 0.4780 0.8754
vn -0.9975 0.0428 0.0571
vn -0.9771 0.1274 0.1702
vn -0.9370 0.2094 0.2797
vn -0.8777 0.2872 0.3836
vn -0.8005 0.3591 0.4797
vn -0.7071 0.4238 0.5661
vn -0.5993 0.4798 0.6409
vn -0.4792 0.5260 0.7026
vn -0.3495 0.5615 0.7500
vn -0.2126 0.5856 0.7822
vn -0.0713 0.5977 0.7985
vn -0.9975 0.0504 0.0504
vn -0.9771 0.1503 0.1503
vn -0.9370 0.2471 0.2471
vn -0.8777 0.3389 0.3389
vn -0.8005 0.4238 0.4238
vn -0.7071 0.5000 0.5000
vn -0.5993 0.5661 0.5661
vn -0.4792 0.6206 0.6206
vn -0.3495 0.6625 0.6625
vn -0.2126 0.6909 0.6910
vn -0.0714 0.7053 0.7053
vn -0.9975 0.0571 0.0428
vn -0.9771 0.1702 0.1274
vn -0.9370 0.2798 0.2094
vn -0.8777 0.3837 0.2872
vn -0.8006 0.4798 0.3591
vn -0.7071 0.5661 0.4238
vn -0.5993 0.6409 0.4797
vn -0.4793 0.7026 0.5260
vn -0.3494 0.7501 0.5615
vn -0.2126 0.7823 0.5856
vn -0.0713 0.7985 0.5977
vn -0.9975 0.0626 0.0342
vn -0.9771 0.1866 0.1019
vn -0.9370 0.3067 0.1675
vn -0.8777 0.4206 0.2296
vn -0.8005 0.5260 0.2872
vn -0.7071 0.6206 0.3389
vn -0.5993 0.7026 0.3837
vn -0.4793 0.7703 0.4206
vn -0.3494 0.8223 0.4491
vn -0.2126 0.8576 0.4683
vn -0.0713 0.8754 0.4780
vn -0.9975 0.0668 0.0249
vn -0.9771 0.1992 0.0743
vn -0.9369 0.3274 0.1222
vn -0.8777 0.4490 0.1675
vn -0.8005 0.5615 0.2094
vn -0.7071 0.6625 0.2471
vn -0.5993 0.7501 0.2798
vn -0.4793 0.8223 0.3067
vn -0.3495 0.8779 0.3274
vn -0.2126 0.9155 0.3415
vn -0.0713 0.9346 0.3486
vn -0.9975 0.0697 0.0151
vn -0.9771 0.2077 0.0452
vn -0.9370 0.3415 0.0743
vn -0.8777 0.4683 0.1019
vn -0.8005 0.5856 0.1274
vn -0.7071 0.6909 0.1503
vn -0.5993 0.7823 0.1702
vn -0.4793 0.8576 0.1866
vn -0.3495 0.9155 0.1992
vn -0.2125 0.9548 0.2077
vn -0.0713 0.9747 0.2120
vn -0.9975 0.0712 0.0051
vn -0.9771 0.2120 0.0151
vn -0.9370 0.3486 0.0249
vn -0.8777 0.4780 0.0342
vn -0.8005 0.5978 0.0428
vn -0.7071 0.7053 0.0505
vn -0.5993 0.7985 0.0571
vn -0.4792 0.8755 0.0626
vn -0.3494 0.9346 0.0668
vn -0.2126 0.9747 0.0697
vn -0.0713 0.9949 0.0711
vn -0.9975 -0.0051 0.0712
vn -0.9771 -0.0152 0.2120
vn -0.9370 -0.0249 0.3486
vn -0.8777 -0.0342 0.4780
vn -0.8005 -0.0428 0.5977
vn -0.7071 -0.0504 0.7053
vn -0.5993 -0.0571 0.7985
vn -0.4792 -0.0626 0.8754
vn -0.3495 -0.0668 0.9346
vn -0.2126 -0.0697 0.9747
vn -0.0713 -0.0712 0.9949
vn -0.9975 -0.0152 0.0697
vn -0.9771 -0.0452 0.2077
vn -0.9369 -0.0743 0.3415
vn -0.8777 -0.1019 0.4683
vn -0.8005 -0.1274 0.5856
vn -0.7071 -0.1503 0.6910
vn -0.5993 -0.1702 0.7822
vn -0.4793 -0.1865 0.8576
vn -0.3495 -0.1991 0.9155
vn -0.2126 -0.2077 0.9548
vn -0.0713 -0.2120 0.9747
vn -0.9975 -0.0249 0.0668
vn -0.9771 -0.0743 0.1992
vn -0.9370 -0.1221 0.3274
vn -0.8777 -0.1675 0.4490
vn -0.8005 -0.2094 0.5615
vn -0.7071 -0.2471 0.6625
vn -0.5993 -0.2798 0.7501
vn -0.4793 -0.3067 0.8223
vn -0.3495 -0.3274 0.8779
vn -0.2126 -0.3415 0.9155
vn -0.0713 -0.3486 0.9346
vn -0.9975 -0.0342 0.0626
vn -0.9772 -0.1019 0.1865
vn -0.9370 -0.1675 0.3067
vn -0.8777 -0.2297 0.4206
vn -0.8005 -0.2872 0.5260
vn -0.7071 -0.3389 0.6206
vn -0.5993 -0.3837 0.7026
vn -0.4793 -0.4206 0.7703
vn -0.3495 -0.4490 0.8223
vn -0.2126 -0.4683 0.8576
vn -0.0714 -0.4780 0.8754
vn -0.9975 -0.0427 0.0571
vn -0.9771 -0.1274 0.1702
vn -0.9370 -0.2094 0.2798
vn -0.8777 -0.2872 0.3836
vn -0.8005 -0.3591 0.4798
vn -0.7071 -0.4237 0.5661
vn -0.5993 -0.4797 0.6409
vn -0.4792 -0.5260 0.7026
vn -0.3495 -0.5615 0.7501
vn -0.2126 -0.5856 0.7823
vn -0.0713 -0.5977 0.7985
vn -0.9974 -0.0504 0.0505
vn -0.9771 -0.1503 0.1504
vn -0.9370 -0.2471 0.2471
vn -0.8777 -0.3389 0.3389
vn -0.8005 -0.4238 0.4238
vn -0.7071 -0.5000 0.5000
vn -0.5993 -0.5661 0.5661
vn -0.4793 -0.6206 0.6206
vn -0.3495 -0.6625 0.6625
vn -0.2126 -0.6910 0.6909
vn -0.0713 -0.7053 0.7053
vn -0.9975 -0.0571 0.0427
vn -0.9771 -0.1702 0.1274
vn -0.9370 -0.2798 0.2094
vn -0.8777 -0.3836 0.2872
vn -0.8006 -0.4797 0.3591
vn -0.7071 -0.5661 0.4238
vn -0.5993 -0.6409 0.4797
vn -0.4792 -0.7026 0.5260
vn -0.3495 -0.7501 0.5615
vn -0.2126 -0.7823 0.5856
vn -0.0713 -0.7985 0.5977
vn -0.9975 -0.0626 0.0342
vn -0.9771 -0.1866 0.1019
vn -0.9370 -0.3067 0.1675
vn -0.8777 -0.4206 0.2297
vn -0.8005 -0.5260 0.2872
vn -0.7071 -0.6206 0.3389
vn -0.5993 -0.7026 0.3837
vn -0.4792 -0.7703 0.4207
vn -0.3495 -0.8223 0.4491
vn -0.2126 -0.8576 0.4683
vn -0.0713 -0.8754 0.4780
vn -0.9975 -0.0668 0.0249
vn -0.9771 -0.1992 0.0743
vn -0.9370 -0.3274 0.1221
vn -0.8777 -0.4490 0.1675
vn -0.8005 -0.5615 0.2094
vn -0.7071 -0.6625 0.2471
vn -0.5993 -0.7501 0.2798
vn -0.4792 -0.8224 0.3067
vn -0.3495 -0.8779 0.3274
vn -0.2125 -0.9156 0.3414
vn -0.0713 -0.9346 0.3485
vn -0.9975 -0.0697 0.0151
vn -0.9771 -0.2077 0.0452
vn -0.9370 -0.3414 0.0743
vn -0.8777 -0.4683 0.1019
vn -0.8005 -0.5856 0.1274
vn -0.7071 -0.6909 0.1503
vn -0.5993 -0.7822 0.1702
vn -0.4792 -0.8576 0.1865
vn -0.3495 -0.9155 0.1991
vn -0.2125 -0.9548 0.2077
vn -0.0713 -0.9747 0.2120
vn -0.9975 -0.0712 0.0051
vn -0.9771 -0.2120 0.0152
vn -0.9370 -0.3485 0.0249
vn -0.8777 -0.4780 0.0342
vn -0.8005 -0.5978 0.0427
vn -0.7071 -0.7053 0.0504
vn -0.5993 -0.7985 0.0571
vn -0.4792 -0.8755 0.0626
vn -0.3495 -0.9346 0.0668
vn -0.2125 -0.9747 0.0697
vn -0.0714 -0.9949 0.0711
vn -0.9975 0.0713 -0.0000
vn -0.9771 0.2126 -0.0000
vn -0.9370 0.3495 -0.0000
vn -0.8777 0.4792 -0.0000
vn -0.8005 0.5993 -0.0000
vn -0.7071 0.7071 -0.0000
vn -0.5993 0.8005 -0.0000
vn -0.4793 0.8777 -0.0000
vn -0.3494 0.9370 -0.0000
vn -0.2125 0.9772 -0.0000
vn -0.0714 0.9975 -0.0000
vn -0.9975 -0.0000 0.0713
vn -0.9771 -0.0000 0.2126
vn -0.9370 -0.0000 0.3495
vn -0.8777 -0.0000 0.4793
vn -0.8005 -0.0000 0.5993
vn -0.7071 -0.0000 0.7071
vn -0.5993 -0.0000 0.8005
vn -0.4792 -0.0000 0.8777
vn -0.3495 -0.0000 0.9369
vn -0.2126 -0.0000 0.9771
vn -0.0713 -0.0000 0.9975
vn -0.9975 -0.0000 -0.0713
vn -0.9771 -0.0000 -0.2126
vn -0.9370 -0.0000 -0.3494
vn -0.8777 -0.0000 -0.4793
vn -0.8006 -0.0000 -0.5993
vn -0.7071 -0.0000 -0.7071
vn -0.5993 -0.0000 -0.8005
vn -0.4792 -0.0000 -0.8777
vn -0.3495 -0.0000 -0.9369
vn -0.2126 -0.0000 -0.9771
vn -0.0713 -0.0000 -0.9975
vn -0.9975 -0.0713 -0.0000
vn -0.9771 -0.2126 -0.0000
vn -0.9370 -0.3494 -0.0000
vn -0.8777 -0.4793 -0.0000
vn -0.8005 -0.5993 -0.0000
vn -0.7071 -0.7071 -0.0000
vn -0.5993 -0.8006 -0.0000
vn -0.4792 -0.8777 -0.0000
vn -0.3494 -0.9370 -0.0000
vn -0.2126 -0.9771 -0.0000
vn -0.0713 -0.9975 -0.0000
vn -1.0000 -0.0000 -0.0000
vn -0.0000 0.0713 0.9975
vn -0.0000 -0.0000 1.0000
vn -0.0000 0.9975 0.0713
vn -0.0000 0.2126 0.9771
vn -0.0000 0.3495 0.9369
vn -0.0000 0.4792 0.8777
vn -0.0000 0.5993 0.8005
vn -0.0000 0.7071 0.7071
vn -0.0000 0.8005 0.5993
vn -0.0000 0.8777 0.4792
vn -0.0000 0.9369 0.3495
vn -0.0000 0.9771 0.2126
vn -0.0000 0.9975 -0.0713
vn -0.0000 0.0713 -0.9975
vn -0.0000 -0.0000 -1.0000
vn -0.0000 0.9771 -0.2126
vn -0.0000 0.9369 -0.3495
vn -0.0000 0.8777 -0.4792
vn -0.0000 0.8005 -0.5993
vn -0.0000 0.7071 -0.7071
vn -0.0000 0.5993 -0.8005
vn -0.0000 0.4792 -0.8777
vn -0.0000 0.3495 -0.9370
vn -0.0000 0.2126 -0.9771
vn -0.0000 -0.9975 0.0713
vn -0.0000 -1.0000 -0.0000
vn -0.0000 -0.0713 0.9975
vn -0.0000 -0.9771 0.2126
vn -0.0000 -0.9369 0.3495
vn -0.0000 -0.8777 0.4792
vn -0.0000 -0.8005 0.5993
vn -0.0000 -0.7071 0.7071
vn -0.0000 -0.5993 0.8005
vn -0.0000 -0.4792 0.8777
vn -0.0000 -0.3495 0.9369
vn -0.0000 -0.2126 0.9771
vn -0.0000 -0.0713 -0.9975
vn -0.0000 -0.9975 -0.0713
vn -0.0000 -0.2126 -0.9771
vn -0.0000 -0.3495 -0.9369
vn -0.0000 -0.4792 -0.8777
vn -0.0000 -0.5993 -0.8005
vn -0.0000 -0.7071 -0.7071
vn -0.0000 -0.8005 -0.5993
vn -0.0000 -0.8777 -0.4792
vn -0.0000 -0.9369 -0.3495
vn -0.0000 -0.9771 -0.2126
vn -0.7401 0.6725 -0.0000
vn 0.8671 0.4982 -0.0000
vn -0.0000 0.4052 -0.9142
vn 0.0822 0.0410 0.9958
vn -0.0000 0.9296 0.3684
vn -0.0157 -0.0971 -0.9952
vn -0.0000 -0.2083 0.9781
vn -0.0674 -0.0322 0.9972
vn -0.0487 -0.3277 0.9435
vn -0.0266 -0.1609 0.9866
vn -0.0000 -0.0852 0.9964
vn 0.1029 0.0389 -0.9939
vn 0.0623 -0.1828 -0.9812
vn 0.0365 -0.2064 -0.9778
vn -0.0000 -0.1626 -0.9867
vn 0.9931 -0.0531 -0.1048
vn 0.9866 -0.1593 -0.0354
vn 0.9958 -0.0920 0.0002
vn 0.9895 -0.1444 -0.0000
vn -0.9960 0.0603 0.0652
vn -0.9942 -0.1060 0.0149
vn -0.9812 -0.1930 -0.0014
vn -0.9998 0.0208 -0.0001
vn 1.0000 -0.0000 -0.0000
vn -0.3345 0.0600 0.9405
vn 0.6656 -0.0284 -0.7458
vn -0.0621 -0.8316 0.5519
vn -0.0569 0.9951 0.0804
vn 0.0693 0.7071 -0.7037
vn 0.2053 0.7071 -0.6767
vn 0.3333 0.7071 -0.6236
vn 0.4486 0.7071 -0.5466
vn 0.5466 0.7071 0.4486
vn 0.6236 0.7071 0.3333
vn 0.6767 0.7071 0.2053
vn -0.0693 0.7071 0.7037
vn 0.0693 0.7071 0.7037
vn 0.2053 0.7071 0.6767
vn 0.3333 0.7071 0.6236
vn -0.2053 0.7071 0.6767
vn 0.5466 0.7071 -0.4486
vn 0.6236 0.7071 -0.3333
vn 0.6767 0.7071 -0.2053
vn 0.7037 0.7071 -0.0693
vn 0.7037 0.7071 0.0693
vn 0.4486 0.7071 0.5466
vn -0.3333 0.7071 0.6236
vn -0.4486 0.7071 0.5466
vn -0.5466 0.7071 0.4486
vn -0.6236 0.7071 0.3333
vn -0.6767 0.7071 0.2053
vn -0.7037 0.7071 0.0693
vn -0.7037 0.7071 -0.0693
vn -0.6767 0.7071 -0.2053
vn -0.6236 0.7071 -0.3333
vn -0.5466 0.7071 -0.4486
vn -0.4486 0.7071 -0.5466
vn -0.3333 0.7071 -0.6236
vn -0.2053 0.7071 -0.6767
vn -0.0693 0.7071 -0.7037
vn -0.8819 -0.0000 0.4714
vn -0.9569 -0.0000 0.2903
vn -0.7730 -0.0000 0.6344
vn -0.6344 -0.0000 0.7730
vn -0.4714 -0.0000 0.8819
vn -0.2903 -0.0000 0.9569
vn -0.0980 -0.0000 0.9952
vn 0.0980 -0.0000 0.9952
vn 0.2903 -0.0000 0.9569
vn 0.4714 -0.0000 0.8819
vn 0.6344 -0.0000 0.7730
vn 0.7730 -0.0000 0.6344
vn 0.8819 -0.0000 0.4714
vn 0.9569 -0.0000 0.2903
vn 0.9952 -0.0000 0.0980
vn 0.9952 -0.0000 -0.0980
vn 0.9569 -0.0000 -0.2903
vn 0.8819 -0.0000 -0.4714
vn 0.7730 -0.0000 -0.6344
vn 0.6344 -0.0000 -0.7730
vn 0.4714 -0.0000 -0.8819
vn 0.2903 -0.0000 -0.9569
vn 0.0980 -0.0000 -0.9952
vn -0.0980 -0.0000 -0.9952
vn -0.9952 -0.0000 0.0980
vn -0.9952 -0.0000 -0.0980
vn -0.9569 -0.0000 -0.2903
vn -0.8819 -0.0000 -0.4714
vn -0.7730 -0.0000 -0.6344
vn -0.6344 -0.0000 -0.7730
vn -0.4714 -0.0000 -0.8819
vn -0.2903 -0.0000 -0.9569
vn 0.3452 -0.1069 -0.9324
vn -0.5897 0.1839 -0.7864
vn 0.2096 0.4222 -0.8819
vn 0.1609 -0.5915 -0.7901
vn 0.9750 0.2203 0.0289
vn 0.0508 0.0015 -0.9987
vn -1.0000 0.0043 -0.0042
vn 0.0409 0.0693 0.9968
vn 0.0819 -0.9964 0.0210
vn -0.9757 0.2068 -0.0730
vn -0.0146 -0.0938 -0.9955
vn -0.0001 -0.2083 0.9781
vn 0.9439 -0.3244 0.0617
vn -0.9896 -0.1092 -0.0935
vn 0.1882 0.9796 0.0700
vn 0.3197 0.9259 0.2014
vn 0.4147 0.8526 0.3180
vn 0.4779 0.7710 0.4210
vn 0.5148 0.6863 0.5138
vn 0.5294 0.5999 0.5999
vn 0.5234 0.5107 0.6821
vn 0.4959 0.4162 0.7622
vn 0.4440 0.3131 0.8395
vn 0.3628 0.1981 0.9106
vn 0.2465 0.0691 0.9667
vn 0.2465 0.0691 -0.9667
vn 0.3628 0.1981 -0.9106
vn 0.4440 0.3131 -0.8395
vn 0.4959 0.4162 -0.7622
vn 0.5234 0.5107 -0.6821
vn 0.5294 0.5999 -0.5999
vn 0.5148 0.6863 -0.5138
vn 0.4779 0.7710 -0.4210
vn 0.4147 0.8526 -0.3180
vn 0.3198 0.9258 -0.2014
vn 0.1882 0.9796 -0.0700
vn 0.2465 -0.0691 0.9667
vn 0.3628 -0.1981 0.9106
vn 0.4441 -0.3131 0.8395
vn 0.4959 -0.4162 0.7622
vn 0.5233 -0.5107 0.6822
vn 0.5294 -0.5999 0.5999
vn 0.5148 -0.6863 0.5138
vn 0.4779 -0.7710 0.4210
vn 0.4147 -0.8526 0.3180
vn 0.3198 -0.9258 0.2014
vn 0.1882 -0.9796 0.0700
vn 0.1881 -0.9796 -0.0701
vn 0.3198 -0.9258 -0.2014
vn 0.4147 -0.8526 -0.3180
vn 0.4779 -0.7710 -0.4210
vn 0.5148 -0.6863 -0.5138
vn 0.5294 -0.5999 -0.5999
vn 0.5233 -0.5107 -0.6822
vn 0.4959 -0.4162 -0.7622
vn 0.4440 -0.3131 -0.8395
vn 0.3628 -0.1981 -0.9106
vn 0.2465 -0.0691 -0.9667
vn 0.2315 0.3459 0.9093
vn 0.1060 0.9944 -0.0000
vn 0.2228 0.2861 -0.9319
vn 0.1863 -0.9814 -0.0457
vn 0.9975 -0.0712 -0.0051
vn 0.9772 -0.2120 -0.0151
vn 0.9369 -0.3486 -0.0249
vn 0.8777 -0.4780 -0.0342
vn 0.8005 -0.5978 -0.0428
vn 0.7071 -0.7053 -0.0504
vn 0.5993 -0.7985 -0.0571
vn 0.4793 -0.8754 -0.0626
vn 0.3495 -0.9346 -0.0668
vn 0.2126 -0.9747 -0.0697
vn 0.0713 -0.9949 -0.0711
vn 0.9975 -0.0697 -0.0151
vn 0.9771 -0.2077 -0.0453
vn 0.9369 -0.3415 -0.0744
vn 0.8777 -0.4683 -0.1019
vn 0.8005 -0.5856 -0.1274
vn 0.7071 -0.6909 -0.1503
vn 0.5993 -0.7823 -0.1701
vn 0.4792 -0.8576 -0.1866
vn 0.3495 -0.9155 -0.1992
vn 0.2126 -0.9548 -0.2077
vn 0.0713 -0.9747 -0.2120
vn 0.9975 -0.0668 -0.0249
vn 0.9771 -0.1992 -0.0743
vn 0.9370 -0.3274 -0.1222
vn 0.8777 -0.4490 -0.1675
vn 0.8005 -0.5615 -0.2094
vn 0.7071 -0.6625 -0.2471
vn 0.5993 -0.7501 -0.2798
vn 0.4792 -0.8223 -0.3067
vn 0.3495 -0.8779 -0.3274
vn 0.2126 -0.9155 -0.3415
vn 0.0713 -0.9346 -0.3486
vn 0.9975 -0.0626 -0.0342
vn 0.9771 -0.1866 -0.1019
vn 0.9370 -0.3067 -0.1674
vn 0.8777 -0.4206 -0.2297
vn 0.8005 -0.5260 -0.2872
vn 0.7071 -0.6206 -0.3389
vn 0.5993 -0.7026 -0.3837
vn 0.4792 -0.7703 -0.4207
vn 0.3495 -0.8223 -0.4491
vn 0.2126 -0.8576 -0.4683
vn 0.0713 -0.8754 -0.4780
vn 0.9975 -0.0571 -0.0427
vn 0.9772 -0.1701 -0.1274
vn 0.9369 -0.2798 -0.2095
vn 0.8777 -0.3837 -0.2872
vn 0.8005 -0.4798 -0.3591
vn 0.7071 -0.5661 -0.4237
vn 0.5993 -0.6409 -0.4798
vn 0.4793 -0.7026 -0.5260
vn 0.3495 -0.7501 -0.5615
vn 0.2126 -0.7823 -0.5856
vn 0.0713 -0.7985 -0.5977
vn 0.9974 -0.0505 -0.0505
vn 0.9771 -0.1503 -0.1503
vn 0.9370 -0.2471 -0.2471
vn 0.8777 -0.3389 -0.3389
vn 0.8005 -0.4237 -0.4238
vn 0.7071 -0.5000 -0.5000
vn 0.5993 -0.5661 -0.5661
vn 0.4792 -0.6206 -0.6206
vn 0.3495 -0.6625 -0.6625
vn 0.2126 -0.6909 -0.6910
vn 0.0713 -0.7053 -0.7053
vn 0.9975 -0.0428 -0.0571
vn 0.9771 -0.1274 -0.1702
vn 0.9370 -0.2094 -0.2797
vn 0.8777 -0.2872 -0.3836
vn 0.8005 -0.3591 -0.4797
vn 0.7071 -0.4238 -0.5661
vn 0.5993 -0.4798 -0.6408
vn 0.4792 -0.5260 -0.7026
vn 0.3494 -0.5615 -0.7501
vn 0.2126 -0.5856 -0.7822
vn 0.0714 -0.5978 -0.7985
vn 0.9975 -0.0342 -0.0626
vn 0.9771 -0.1019 -0.1865
vn 0.9370 -0.1675 -0.3067
vn 0.8777 -0.2297 -0.4206
vn 0.8005 -0.2872 -0.5260
vn 0.7071 -0.3389 -0.6206
vn 0.5993 -0.3837 -0.7026
vn 0.4792 -0.4206 -0.7703
vn 0.3495 -0.4490 -0.8223
vn 0.2125 -0.4683 -0.8576
vn 0.0713 -0.4780 -0.8754
vn 0.9975 -0.0249 -0.0668
vn 0.9771 -0.0743 -0.1992
vn 0.9370 -0.1221 -0.3274
vn 0.8777 -0.1675 -0.4490
vn 0.8005 -0.2094 -0.5615
vn 0.7071 -0.2471 -0.6625
vn 0.5993 -0.2798 -0.7501
vn 0.4792 -0.3067 -0.8223
vn 0.3495 -0.3274 -0.8779
vn 0.2126 -0.3415 -0.9155
vn 0.0713 -0.3486 -0.9346
vn 0.9974 -0.0152 -0.0698
vn 0.9771 -0.0452 -0.2078
vn 0.9370 -0.0743 -0.3414
vn 0.8777 -0.1019 -0.4683
vn 0.8005 -0.1274 -0.5856
vn 0.7071 -0.1503 -0.6909
vn 0.5993 -0.1702 -0.7822
vn 0.4792 -0.1866 -0.8576
vn 0.3495 -0.1992 -0.9155
vn 0.2126 -0.2077 -0.9548
vn 0.0713 -0.2120 -0.9747
vn 0.9975 -0.0051 -0.0712
vn 0.9771 -0.0152 -0.2121
vn 0.9370 -0.0250 -0.3486
vn 0.8777 -0.0342 -0.4780
vn 0.8005 -0.0427 -0.5977
vn 0.7071 -0.0504 -0.7053
vn 0.5993 -0.0571 -0.7985
vn 0.4792 -0.0626 -0.8754
vn 0.3495 -0.0668 -0.9346
vn 0.2126 -0.0697 -0.9747
vn 0.0713 -0.0712 -0.9949
vn 0.9975 0.0712 -0.0051
vn 0.9771 0.2120 -0.0152
vn 0.9370 0.3486 -0.0249
vn 0.8777 0.4780 -0.0342
vn 0.8005 0.5978 -0.0428
vn 0.7071 0.7053 -0.0505
vn 0.5993 0.7985 -0.0571
vn 0.4793 0.8754 -0.0626
vn 0.3495 0.9346 -0.0668
vn 0.2126 0.9747 -0.0697
vn 0.0714 0.9949 -0.0711
vn 0.9975 0.0697 -0.0150
vn 0.9771 0.2077 -0.0452
vn 0.9370 0.3415 -0.0743
vn 0.8777 0.4683 -0.1019
vn 0.8005 0.5856 -0.1274
vn 0.7071 0.6910 -0.1503
vn 0.5993 0.7822 -0.1701
vn 0.4792 0.8576 -0.1866
vn 0.3495 0.9155 -0.1992
vn 0.2125 0.9548 -0.2077
vn 0.0713 0.9747 -0.2120
vn 0.9975 0.0668 -0.0249
vn 0.9771 0.1992 -0.0743
vn 0.9370 0.3274 -0.1221
vn 0.8777 0.4490 -0.1675
vn 0.8005 0.5615 -0.2094
vn 0.7071 0.6625 -0.2471
vn 0.5993 0.7501 -0.2798
vn 0.4792 0.8224 -0.3067
vn 0.3495 0.8779 -0.3274
vn 0.2125 0.9155 -0.3415
vn 0.0713 0.9346 -0.3486
vn 0.9975 0.0626 -0.0342
vn 0.9771 0.1866 -0.1019
vn 0.9370 0.3067 -0.1675
vn 0.8777 0.4206 -0.2297
vn 0.8005 0.5260 -0.2872
vn 0.7071 0.6206 -0.3389
vn 0.5993 0.7026 -0.3837
vn 0.4792 0.7703 -0.4207
vn 0.3495 0.8223 -0.4491
vn 0.2126 0.8576 -0.4683
vn 0.0713 0.8754 -0.4780
vn 0.9975 0.0571 -0.0427
vn 0.9771 0.1702 -0.1274
vn 0.9370 0.2798 -0.2094
vn 0.8777 0.3837 -0.2872
vn 0.8005 0.4798 -0.3591
vn 0.7071 0.5661 -0.4237
vn 0.5993 0.6409 -0.4797
vn 0.4792 0.7026 -0.5260
vn 0.3495 0.7501 -0.5615
vn 0.2126 0.7822 -0.5856
vn 0.0713 0.7985 -0.5977
vn 0.9975 0.0504 -0.0505
vn 0.9771 0.1503 -0.1504
vn 0.9370 0.2471 -0.2471
vn 0.8777 0.3389 -0.3389
vn 0.8005 0.4238 -0.4237
vn 0.7071 0.5000 -0.5000
vn 0.5993 0.5661 -0.5661
vn 0.4793 0.6206 -0.6206
vn 0.3495 0.6625 -0.6625
vn 0.2126 0.6910 -0.6909
vn 0.0713 0.7053 -0.7053
vn 0.9975 0.0427 -0.0571
vn 0.9771 0.1274 -0.1702
vn 0.9370 0.2094 -0.2798
vn 0.8777 0.2872 -0.3837
vn 0.8005 0.3591 -0.4798
vn 0.7071 0.4237 -0.5661
vn 0.5993 0.4797 -0.6409
vn 0.4792 0.5260 -0.7026
vn 0.3495 0.5615 -0.7501
vn 0.2126 0.5856 -0.7822
vn 0.0713 0.5977 -0.7985
vn 0.9975 0.0342 -0.0626
vn 0.9772 0.1019 -0.1865
vn 0.9369 0.1675 -0.3067
vn 0.8777 0.2297 -0.4206
vn 0.8006 0.2872 -0.5260
vn 0.7071 0.3389 -0.6206
vn 0.5993 0.3837 -0.7026
vn 0.4792 0.4206 -0.7703
vn 0.3495 0.4490 -0.8223
vn 0.2126 0.4683 -0.8576
vn 0.0713 0.4780 -0.8754
vn 0.9975 0.0249 -0.0668
vn 0.9771 0.0743 -0.1992
vn 0.9370 0.1221 -0.3274
vn 0.8777 0.1675 -0.4490
vn 0.8005 0.2094 -0.5615
vn 0.7071 0.2471 -0.6625
vn 0.5993 0.2798 -0.7501
vn 0.4792 0.3067 -0.8224
vn 0.3495 0.3274 -0.8779
vn 0.2126 0.3415 -0.9155
vn 0.0713 0.3486 -0.9346
vn 0.9975 0.0152 -0.0697
vn 0.9771 0.0452 -0.2077
vn 0.9370 0.0743 -0.3415
vn 0.8777 0.1019 -0.4683
vn 0.8005 0.1274 -0.5856
vn 0.7071 0.1503 -0.6909
vn 0.5993 0.1701 -0.7822
vn 0.4792 0.1865 -0.8576
vn 0.3495 0.1992 -0.9155
vn 0.2126 0.2077 -0.9548
vn 0.0713 0.2120 -0.9747
vn 0.9975 0.0051 -0.0711
vn 0.9771 0.0152 -0.2120
vn 0.9370 0.0249 -0.3486
vn 0.8777 0.0342 -0.4780
vn 0.8005 0.0427 -0.5977
vn 0.7071 0.0504 -0.7053
vn 0.5993 0.0571 -0.7985
vn 0.4792 0.0626 -0.8754
vn 0.3495 0.0668 -0.9346
vn 0.2126 0.0697 -0.9747
vn 0.0713 0.0712 -0.9949
vn 0.9975 0.0051 0.0712
vn 0.9771 0.0152 0.2120
vn 0.9370 0.0249 0.3486
vn 0.8777 0.0342 0.4780
vn 0.8005 0.0428 0.5977
vn 0.7071 0.0504 0.7053
vn 0.5993 0.0571 0.7985
vn 0.4792 0.0626 0.8754
vn 0.3495 0.0668 0.9346
vn 0.2126 0.0697 0.9747
vn 0.0713 0.0712 0.9949
vn 0.9975 0.0152 0.0697
vn 0.9771 0.0452 0.2077
vn 0.9370 0.0743 0.3415
vn 0.8777 0.1019 0.4683
vn 0.8005 0.1274 0.5856
vn 0.7071 0.1503 0.6909
vn 0.5993 0.1702 0.7823
vn 0.4792 0.1866 0.8576
vn 0.3495 0.1992 0.9155
vn 0.2126 0.2077 0.9548
vn 0.0713 0.2120 0.9747
vn 0.9975 0.0249 0.0668
vn 0.9772 0.0743 0.1991
vn 0.9369 0.1221 0.3274
vn 0.8777 0.1675 0.4490
vn 0.8005 0.2094 0.5615
vn 0.7071 0.2471 0.6625
vn 0.5993 0.2798 0.7501
vn 0.4793 0.3067 0.8223
vn 0.3495 0.3274 0.8779
vn 0.2126 0.3415 0.9155
vn 0.0713 0.3486 0.9346
vn 0.9975 0.0342 0.0626
vn 0.9772 0.1019 0.1865
vn 0.9370 0.1675 0.3067
vn 0.8777 0.2297 0.4207
vn 0.8005 0.2872 0.5260
vn 0.7071 0.3389 0.6206
vn 0.5993 0.3837 0.7026
vn 0.4792 0.4206 0.7703
vn 0.3495 0.4490 0.8223
vn 0.2126 0.4683 0.8576
vn 0.0713 0.4780 0.8754
vn 0.9975 0.0428 0.0571
vn 0.9771 0.1274 0.1702
vn 0.9370 0.2094 0.2797
vn 0.8777 0.2872 0.3836
vn 0.8005 0.3592 0.4797
vn 0.7071 0.4238 0.5661
vn 0.5993 0.4798 0.6409
vn 0.4792 0.5260 0.7026
vn 0.3495 0.5615 0.7500
vn 0.2126 0.5856 0.7822
vn 0.0713 0.5977 0.7985
vn 0.9975 0.0504 0.0504
vn 0.9771 0.1503 0.1503
vn 0.9370 0.2471 0.2471
vn 0.8777 0.3389 0.3389
vn 0.8005 0.4238 0.4238
vn 0.7071 0.5000 0.5000
vn 0.5993 0.5661 0.5661
vn 0.4792 0.6206 0.6206
vn 0.3495 0.6625 0.6625
vn 0.2126 0.6909 0.6910
vn 0.0714 0.7053 0.7053
vn 0.9975 0.0571 0.0427
vn 0.9771 0.1702 0.1274
vn 0.9370 0.2798 0.2094
vn 0.8777 0.3837 0.2872
vn 0.8006 0.4798 0.3591
vn 0.7071 0.5661 0.4238
vn 0.5993 0.6409 0.4797
vn 0.4793 0.7026 0.5260
vn 0.3494 0.7501 0.5615
vn 0.2126 0.7823 0.5856
vn 0.0714 0.7985 0.5977
vn 0.9975 0.0626 0.0342
vn 0.9771 0.1866 0.1019
vn 0.9370 0.3067 0.1675
vn 0.8777 0.4206 0.2297
vn 0.8005 0.5260 0.2872
vn 0.7071 0.6206 0.3389
vn 0.5993 0.7026 0.3836
vn 0.4793 0.7703 0.4206
vn 0.3494 0.8223 0.4491
vn 0.2126 0.8576 0.4683
vn 0.0713 0.8754 0.4780
vn 0.9975 0.0668 0.0249
vn 0.9771 0.1992 0.0743
vn 0.9370 0.3274 0.1222
vn 0.8777 0.4490 0.1675
vn 0.8005 0.5615 0.2094
vn 0.7071 0.6625 0.2471
vn 0.5993 0.7501 0.2798
vn 0.4793 0.8223 0.3067
vn 0.3495 0.8779 0.3274
vn 0.2126 0.9156 0.3414
vn 0.0713 0.9346 0.3486
vn 0.9975 0.0697 0.0151
vn 0.9771 0.2077 0.0452
vn 0.9370 0.3415 0.0743
vn 0.8777 0.4683 0.1019
vn 0.8005 0.5856 0.1274
vn 0.7071 0.6910 0.1503
vn 0.5993 0.7823 0.1702
vn 0.4793 0.8576 0.1866
vn 0.3495 0.9155 0.1992
vn 0.2125 0.9548 0.2077
vn 0.0713 0.9747 0.2120
vn 0.9975 0.0712 0.0051
vn 0.9771 0.2120 0.0151
vn 0.9370 0.3486 0.0249
vn 0.8777 0.4780 0.0342
vn 0.8005 0.5978 0.0428
vn 0.7071 0.7053 0.0505
vn 0.5993 0.7985 0.0571
vn 0.4792 0.8754 0.0626
vn 0.3494 0.9346 0.0668
vn 0.2126 0.9747 0.0697
vn 0.0713 0.9949 0.0711
vn 0.9975 -0.0051 0.0712
vn 0.9771 -0.0152 0.2120
vn 0.9370 -0.0249 0.3486
vn 0.8777 -0.0342 0.4780
vn 0.8005 -0.0428 0.5977
vn 0.7071 -0.0504 0.7053
vn 0.5993 -0.0571 0.7985
vn 0.4792 -0.0626 0.8754
vn 0.3495 -0.0668 0.9346
vn 0.2126 -0.0697 0.9747
vn 0.0713 -0.0712 0.9949
vn 0.9975 -0.0152 0.0697
vn 0.9771 -0.0452 0.2077
vn 0.9370 -0.0743 0.3415
vn 0.8777 -0.1019 0.4683
vn 0.8005 -0.1274 0.5856
vn 0.7071 -0.1503 0.6909
vn 0.5993 -0.1702 0.7822
vn 0.4793 -0.1865 0.8576
vn 0.3495 -0.1991 0.9155
vn 0.2126 -0.2077 0.9548
vn 0.0713 -0.2120 0.9747
vn 0.9975 -0.0249 0.0668
vn 0.9771 -0.0743 0.1992
vn 0.9370 -0.1221 0.3274
vn 0.8777 -0.1675 0.4490
vn 0.8005 -0.2094 0.5615
vn 0.7071 -0.2471 0.6625
vn 0.5993 -0.2798 0.7501
vn 0.4793 -0.3067 0.8223
vn 0.3495 -0.3274 0.8779
vn 0.2126 -0.3415 0.9155
vn 0.0713 -0.3486 0.9346
vn 0.9975 -0.0342 0.0626
vn 0.9772 -0.1019 0.1865
vn 0.9369 -0.1675 0.3067
vn 0.8777 -0.2297 0.4206
vn 0.8006 -0.2872 0.5260
vn 0.7071 -0.3389 0.6206
vn 0.5993 -0.3837 0.7026
vn 0.4793 -0.4206 0.7703
vn 0.3495 -0.4490 0.8223
vn 0.2126 -0.4683 0.8576
vn 0.0714 -0.4780 0.8754
vn 0.9975 -0.0427 0.0571
vn 0.9771 -0.1274 0.1702
vn 0.9370 -0.2094 0.2798
vn 0.8777 -0.2872 0.3837
vn 0.8005 -0.3591 0.4798
vn 0.7071 -0.4237 0.5661
vn 0.5993 -0.4797 0.6409
vn 0.4792 -0.5260 0.7026
vn 0.3495 -0.5615 0.7501
vn 0.2126 -0.5856 0.7823
vn 0.0713 -0.5977 0.7985
vn 0.9975 -0.0504 0.0505
vn 0.9771 -0.1503 0.1504
vn 0.9370 -0.2471 0.2471
vn 0.8777 -0.3389 0.3389
vn 0.8005 -0.4238 0.4237
vn 0.7071 -0.5000 0.5000
vn 0.5993 -0.5661 0.5661
vn 0.4793 -0.6206 0.6206
vn 0.3495 -0.6625 0.6625
vn 0.2126 -0.6910 0.6909
vn 0.0713 -0.7053 0.7053
vn 0.9975 -0.0571 0.0427
vn 0.9771 -0.1702 0.1274
vn 0.9370 -0.2798 0.2094
vn 0.8777 -0.3836 0.2872
vn 0.8006 -0.4797 0.3591
vn 0.7071 -0.5661 0.4237
vn 0.5993 -0.6409 0.4797
vn 0.4792 -0.7026 0.5260
vn 0.3495 -0.7501 0.5615
vn 0.2126 -0.7823 0.5856
vn 0.0713 -0.7985 0.5977
vn 0.9975 -0.0626 0.0342
vn 0.9771 -0.1866 0.1019
vn 0.9370 -0.3067 0.1675
vn 0.8777 -0.4206 0.2297
vn 0.8005 -0.5260 0.2872
vn 0.7071 -0.6206 0.3389
vn 0.5993 -0.7026 0.3837
vn 0.4792 -0.7703 0.4207
vn 0.3495 -0.8223 0.4491
vn 0.2126 -0.8576 0.4683
vn 0.0713 -0.8754 0.4780
vn 0.9975 -0.0668 0.0249
vn 0.9771 -0.1992 0.0743
vn 0.9370 -0.3274 0.1221
vn 0.8777 -0.4490 0.1675
vn 0.8005 -0.5615 0.2094
vn 0.7071 -0.6625 0.2471
vn 0.5993 -0.7501 0.2798
vn 0.4792 -0.8224 0.3067
vn 0.3495 -0.8779 0.3274
vn 0.2125 -0.9156 0.3414
vn 0.0713 -0.9346 0.3485
vn 0.9975 -0.0697 0.0150
vn 0.9771 -0.2077 0.0452
vn 0.9370 -0.3414 0.0743
vn 0.8777 -0.4683 0.1019
vn 0.8005 -0.5856 0.1274
vn 0.7071 -0.6909 0.1503
vn 0.5993 -0.7822 0.1702
vn 0.4792 -0.8576 0.1865
vn 0.3495 -0.9155 0.1991
vn 0.2125 -0.9548 0.2077
vn 0.0713 -0.9747 0.2120
vn 0.9975 -0.0712 0.0051
vn 0.9771 -0.2120 0.0152
vn 0.9370 -0.3485 0.0249
vn 0.8777 -0.4780 0.0342
vn 0.8005 -0.5978 0.0427
vn 0.7071 -0.7053 0.0504
vn 0.5993 -0.7985 0.0571
vn 0.4792 -0.8755 0.0626
vn 0.3495 -0.9346 0.0668
vn 0.2125 -0.9747 0.0697
vn 0.0714 -0.9949 0.0711
vn 0.9975 0.0713 -0.0000
vn 0.9771 0.2126 -0.0000
vn 0.9370 0.3495 -0.0000
vn 0.8777 0.4792 -0.0000
vn 0.8005 0.5993 -0.0000
vn 0.7071 0.7071 -0.0000
vn 0.5993 0.8005 -0.0000
vn 0.4793 0.8777 -0.0000
vn 0.3494 0.9370 -0.0000
vn 0.2126 0.9771 -0.0000
vn 0.0714 0.9975 -0.0000
vn 0.9975 -0.0000 0.0713
vn 0.9771 -0.0000 0.2126
vn 0.9370 -0.0000 0.3494
vn 0.8777 -0.0000 0.4793
vn 0.8005 -0.0000 0.5993
vn 0.7071 -0.0000 0.7071
vn 0.5993 -0.0000 0.8006
vn 0.4793 -0.0000 0.8777
vn 0.3495 -0.0000 0.9369
vn 0.2126 -0.0000 0.9771
vn 0.0713 -0.0000 0.9975
vn 0.9975 -0.0000 -0.0713
vn 0.9771 -0.0000 -0.2126
vn 0.9370 -0.0000 -0.3494
vn 0.8777 -0.0000 -0.4793
vn 0.8005 -0.0000 -0.5993
vn 0.7071 -0.0000 -0.7071
vn 0.5993 -0.0000 -0.8006
vn 0.4792 -0.0000 -0.8777
vn 0.3495 -0.0000 -0.9369
vn 0.2126 -0.0000 -0.9771
vn 0.0713 -0.0000 -0.9975
vn 0.9975 -0.0713 -0.0000
vn 0.9771 -0.2126 -0.0000
vn 0.9370 -0.3495 -0.0000
vn 0.8777 -0.4793 -0.0000
vn 0.8005 -0.5993 -0.0000
vn 0.7071 -0.7071 -0.0000
vn 0.5993 -0.8006 -0.0000
vn 0.4792 -0.8777 -0.0000
vn 0.3494 -0.9370 -0.0000
vn 0.2126 -0.9771 -0.0000
vn 0.0713 -0.9975 -0.0000
vn 0.7401 0.6725 -0.0000
vn -0.8671 0.4982 -0.0000
vn -0.0822 0.0410 0.9958
vn 0.0157 -0.0971 -0.9952
vn 0.0674 -0.0322 0.9972
vn 0.0487 -0.3277 0.9435
vn 0.0266 -0.1609 0.9866
vn -0.1029 0.0389 -0.9939
vn -0.0623 -0.1828 -0.9812
vn -0.0365 -0.2064 -0.9778
vn -0.9931 -0.0531 -0.1048
vn -0.9866 -0.1593 -0.0354
vn -0.9958 -0.0920 0.0002
vn -0.9895 -0.1444 -0.0000
vn 0.9960 0.0603 0.0652
vn 0.9942 -0.1060 0.0149
vn 0.9812 -0.1930 -0.0014
vn 0.9998 0.0208 -0.0001
vn 0.3345 0.0600 0.9405
vn -0.6656 -0.0284 -0.7458
vn 0.0621 -0.8316 0.5519
vn 0.0569 0.9951 0.0804
vn -0.3452 -0.1069 -0.9324
vn 0.5897 0.1839 -0.7864
vn -0.2096 0.4222 -0.8819
vn -0.1609 -0.5915 -0.7901
vt 0.375000 0.000000
vt 0.625000 0.000000
vt 0.625000 0.250000
vt 0.375000 0.250000
vt 0.375000 0.375000
vt 0.625000 0.375000
vt 0.625000 0.500000
vt 0.375000 0.500000
vt 0.625000 0.750000
vt 0.375000 0.750000
vt 0.375000 0.875000
vt 0.625000 0.875000
vt 0.625000 1.000000
vt 0.375000 1.000000
vt 0.250000 0.500000
vt 0.250000 0.750000
vt 0.750000 0.500000
vt 0.875000 0.500000
vt 0.875000 0.750000
vt 0.750000 0.750000
vt 0.625000 0.020833
vt 0.625000 0.041667
vt 0.625000 0.062500
vt 0.625000 0.083333
vt 0.625000 0.104167
vt 0.625000 0.125000
vt 0.625000 0.145833
vt 0.625000 0.166667
vt 0.625000 0.187500
vt 0.625000 0.208333
vt 0.625000 0.229167
vt 0.625000 1.000000
vt 0.625000 1.000000
vt 0.625000 1.000000
vt 0.625000 0.250000
vt 0.625000 0.001402
vt 0.625000 0.003205
vt 0.625000 0.006465
vt 0.625000 0.011163
vt 0.625000 0.017133
vt 0.625000 0.024210
vt 0.625000 0.032223
vt 0.625000 0.041007
vt 0.625000 0.050384
vt 0.625000 0.060164
vt 0.625000 0.070147
vt 0.625000 0.064301
vt 0.625000 0.058456
vt 0.625000 0.052610
vt 0.625000 0.046765
vt 0.625000 0.040919
vt 0.625000 0.035073
vt 0.625000 0.029228
vt 0.625000 0.023382
vt 0.625000 0.017537
vt 0.625000 0.011691
vt 0.625000 0.005846
vt 0.625000 0.179853
vt 0.625000 0.189836
vt 0.625000 0.244154
vt 0.625000 0.238309
vt 0.625000 0.232463
vt 0.625000 0.226618
vt 0.625000 0.220772
vt 0.625000 0.214927
vt 0.625000 0.209081
vt 0.625000 0.203235
vt 0.625000 0.197390
vt 0.625000 0.191544
vt 0.625000 0.185699
vt 0.625000 0.199616
vt 0.625000 0.208993
vt 0.625000 0.217777
vt 0.625000 0.225790
vt 0.625000 0.232867
vt 0.625000 0.238864
vt 0.625000 0.243661
vt 0.625000 0.247159
vt 0.625000 0.249286
vt 0.875000 0.570147
vt 0.875000 0.679853
vt 0.625000 0.064301
vt 0.625000 0.070147
vt 0.625000 0.079289
vt 0.625000 0.088431
vt 0.625000 0.097573
vt 0.625000 0.106716
vt 0.625000 0.115858
vt 0.625000 0.125000
vt 0.625000 0.134142
vt 0.625000 0.143284
vt 0.625000 0.152427
vt 0.625000 0.161569
vt 0.625000 0.170711
vt 0.625000 0.177921
vt 0.625000 0.181048
vt 0.625000 0.182341
vt 0.625000 0.178228
vt 0.625000 0.183597
vt 0.625000 0.178516
vt 0.625000 0.184784
vt 0.625000 0.178779
vt 0.625000 0.185877
vt 0.625000 0.179012
vt 0.625000 0.186859
vt 0.625000 0.179217
vt 0.625000 0.189785
vt 0.625000 0.179372
vt 0.625000 0.189813
vt 0.625000 0.179543
vt 0.625000 0.189827
vt 0.625000 0.179678
vt 0.625000 0.189833
vt 0.625000 0.179775
vt 0.625000 0.189835
vt 0.625000 0.179834
vt 0.625000 0.179853
vt 0.625000 0.181847
vt 0.625000 0.184429
vt 0.625000 0.186951
vt 0.625000 0.189353
vt 0.625000 0.191580
vt 0.625000 0.193587
vt 0.625000 0.199593
vt 0.625000 0.199601
vt 0.625000 0.199607
vt 0.625000 0.199612
vt 0.625000 0.199615
vt 0.625000 0.199616
vt 0.625000 0.182614
vt 0.625000 0.186433
vt 0.625000 0.190172
vt 0.625000 0.193747
vt 0.625000 0.197075
vt 0.625000 0.200076
vt 0.625000 0.208960
vt 0.625000 0.208972
vt 0.625000 0.208981
vt 0.625000 0.208988
vt 0.625000 0.208992
vt 0.625000 0.183331
vt 0.625000 0.188309
vt 0.625000 0.193190
vt 0.625000 0.197873
vt 0.625000 0.202252
vt 0.625000 0.206217
vt 0.625000 0.217734
vt 0.625000 0.217749
vt 0.625000 0.217761
vt 0.625000 0.217770
vt 0.625000 0.217776
vt 0.625000 0.217777
vt 0.625000 0.183988
vt 0.625000 0.190023
vt 0.625000 0.195945
vt 0.625000 0.201641
vt 0.625000 0.206996
vt 0.625000 0.211893
vt 0.625000 0.225957
vt 0.625000 0.225908
vt 0.625000 0.225864
vt 0.625000 0.225826
vt 0.625000 0.225799
vt 0.625000 0.225790
vt 0.625000 0.184566
vt 0.625000 0.191535
vt 0.625000 0.198376
vt 0.625000 0.204962
vt 0.625000 0.211177
vt 0.625000 0.216912
vt 0.625000 0.236393
vt 0.625000 0.236790
vt 0.625000 0.237200
vt 0.625000 0.237612
vt 0.625000 0.238013
vt 0.625000 0.238387
vt 0.625000 0.185057
vt 0.625000 0.192817
vt 0.625000 0.200432
vt 0.625000 0.207762
vt 0.625000 0.214676
vt 0.625000 0.221054
vt 0.625000 0.241337
vt 0.625000 0.241541
vt 0.625000 0.241759
vt 0.625000 0.241987
vt 0.625000 0.242219
vt 0.625000 0.242453
vt 0.625000 0.185450
vt 0.625000 0.193842
vt 0.625000 0.202072
vt 0.625000 0.209981
vt 0.625000 0.217417
vt 0.625000 0.224232
vt 0.625000 0.245042
vt 0.625000 0.245168
vt 0.625000 0.245299
vt 0.625000 0.245434
vt 0.625000 0.245570
vt 0.625000 0.245704
vt 0.625000 0.185737
vt 0.625000 0.194590
vt 0.625000 0.203264
vt 0.625000 0.211582
vt 0.625000 0.219372
vt 0.625000 0.226467
vt 0.625000 0.247743
vt 0.625000 0.247812
vt 0.625000 0.247881
vt 0.625000 0.247948
vt 0.625000 0.248013
vt 0.625000 0.248074
vt 0.625000 0.185912
vt 0.625000 0.195045
vt 0.625000 0.203986
vt 0.625000 0.212544
vt 0.625000 0.220535
vt 0.625000 0.227785
vt 0.625000 0.249391
vt 0.625000 0.249423
vt 0.625000 0.249452
vt 0.625000 0.249477
vt 0.625000 0.249499
vt 0.625000 0.249516
vt 0.625000 0.186140
vt 0.625000 0.195343
vt 0.625000 0.204346
vt 0.625000 0.212953
vt 0.625000 0.220976
vt 0.625000 0.228247
vt 0.625000 0.249987
vt 0.625000 0.249992
vt 0.625000 0.249995
vt 0.625000 0.249998
vt 0.625000 0.250000
vt 0.625000 0.181079
vt 0.625000 0.177949
vt 0.625000 0.178275
vt 0.625000 0.182395
vt 0.625000 0.178578
vt 0.625000 0.183672
vt 0.625000 0.178847
vt 0.625000 0.184872
vt 0.625000 0.179075
vt 0.625000 0.185966
vt 0.625000 0.179268
vt 0.625000 0.186935
vt 0.625000 0.179369
vt 0.625000 0.189775
vt 0.875000 0.560206
vt 0.875000 0.570626
vt 0.875000 0.570457
vt 0.875000 0.560187
vt 0.875000 0.570322
vt 0.875000 0.560173
vt 0.875000 0.570225
vt 0.875000 0.560167
vt 0.875000 0.570166
vt 0.875000 0.560165
vt 0.875000 0.570147
vt 0.875000 0.560164
vt 0.625000 0.181878
vt 0.625000 0.184486
vt 0.625000 0.187034
vt 0.625000 0.189461
vt 0.625000 0.191702
vt 0.625000 0.193704
vt 0.625000 0.199593
vt 0.875000 0.550407
vt 0.875000 0.550399
vt 0.875000 0.550393
vt 0.875000 0.550388
vt 0.875000 0.550385
vt 0.875000 0.550384
vt 0.625000 0.182645
vt 0.625000 0.186491
vt 0.625000 0.190262
vt 0.625000 0.193874
vt 0.625000 0.197237
vt 0.625000 0.200263
vt 0.625000 0.208960
vt 0.875000 0.541040
vt 0.875000 0.541028
vt 0.875000 0.541019
vt 0.875000 0.541012
vt 0.875000 0.541008
vt 0.875000 0.541007
vt 0.625000 0.183362
vt 0.625000 0.188368
vt 0.625000 0.193285
vt 0.625000 0.198013
vt 0.625000 0.202452
vt 0.625000 0.206493
vt 0.625000 0.217865
vt 0.875000 0.530908
vt 0.875000 0.531368
vt 0.875000 0.531736
vt 0.875000 0.532004
vt 0.875000 0.532168
vt 0.875000 0.532223
vt 0.625000 0.184017
vt 0.625000 0.190081
vt 0.625000 0.196040
vt 0.625000 0.201785
vt 0.625000 0.207210
vt 0.625000 0.212215
vt 0.625000 0.229220
vt 0.875000 0.503615
vt 0.875000 0.502349
vt 0.875000 0.501337
vt 0.875000 0.500600
vt 0.875000 0.500151
vt 0.625000 0.184595
vt 0.625000 0.191590
vt 0.625000 0.198466
vt 0.625000 0.205098
vt 0.625000 0.211372
vt 0.625000 0.217183
vt 0.625000 0.236602
vt 0.625000 0.230429
vt 0.625000 0.236942
vt 0.625000 0.230683
vt 0.625000 0.237297
vt 0.625000 0.231039
vt 0.625000 0.237660
vt 0.625000 0.231483
vt 0.625000 0.238026
vt 0.625000 0.232004
vt 0.625000 0.238387
vt 0.625000 0.185084
vt 0.625000 0.192868
vt 0.625000 0.200513
vt 0.625000 0.207878
vt 0.625000 0.214829
vt 0.625000 0.221233
vt 0.625000 0.241337
vt 0.625000 0.241541
vt 0.625000 0.241759
vt 0.625000 0.241987
vt 0.625000 0.242219
vt 0.625000 0.185475
vt 0.625000 0.193887
vt 0.625000 0.202141
vt 0.625000 0.210073
vt 0.625000 0.217526
vt 0.625000 0.224340
vt 0.625000 0.245042
vt 0.625000 0.245168
vt 0.625000 0.245299
vt 0.625000 0.245434
vt 0.625000 0.245570
vt 0.625000 0.245704
vt 0.625000 0.185760
vt 0.625000 0.194628
vt 0.625000 0.203318
vt 0.625000 0.211650
vt 0.625000 0.219444
vt 0.625000 0.226530
vt 0.625000 0.247743
vt 0.625000 0.247812
vt 0.625000 0.247881
vt 0.625000 0.247948
vt 0.625000 0.248013
vt 0.625000 0.248074
vt 0.625000 0.185933
vt 0.625000 0.195075
vt 0.625000 0.204026
vt 0.625000 0.212590
vt 0.625000 0.220579
vt 0.625000 0.227820
vt 0.625000 0.249391
vt 0.625000 0.249422
vt 0.625000 0.249452
vt 0.625000 0.249477
vt 0.625000 0.249516
vt 0.625000 0.186152
vt 0.625000 0.195358
vt 0.625000 0.204365
vt 0.625000 0.212973
vt 0.625000 0.220994
vt 0.625000 0.228261
vt 0.625000 0.249987
vt 0.625000 0.249992
vt 0.625000 0.249998
vt 0.625000 0.249999
vt 0.625000 0.064535
vt 0.625000 0.064310
vt 0.625000 0.055149
vt 0.625000 0.055446
vt 0.625000 0.046177
vt 0.625000 0.046544
vt 0.625000 0.037578
vt 0.625000 0.038011
vt 0.625000 0.029526
vt 0.625000 0.030021
vt 0.625000 0.022184
vt 0.625000 0.022734
vt 0.625000 0.000017
vt 0.625000 0.000786
vt 0.625000 1.000000
vt 0.625000 1.000000
vt 0.625000 1.000000
vt 0.625000 1.000000
vt 0.625000 1.000000
vt 0.625000 0.064709
vt 0.625000 0.055899
vt 0.625000 0.047271
vt 0.625000 0.039001
vt 0.625000 0.031255
vt 0.625000 0.024191
vt 0.625000 0.002918
vt 0.625000 1.000000
vt 0.625000 1.000000
vt 0.625000 0.064994
vt 0.625000 0.056642
vt 0.625000 0.048463
vt 0.625000 0.040623
vt 0.625000 0.033280
vt 0.625000 0.026582
vt 0.625000 0.006412
vt 0.625000 0.065384
vt 0.625000 0.057661
vt 0.625000 0.050098
vt 0.625000 0.042846
vt 0.625000 0.036054
vt 0.625000 0.029859
vt 0.625000 0.011203
vt 0.625000 1.000000
vt 0.625000 0.065872
vt 0.625000 0.058935
vt 0.625000 0.052140
vt 0.625000 0.045626
vt 0.625000 0.039523
vt 0.625000 0.033957
vt 0.625000 0.017194
vt 0.625000 1.000000
vt 0.625000 0.066447
vt 0.625000 0.060437
vt 0.625000 0.054549
vt 0.625000 0.048904
vt 0.625000 0.043615
vt 0.625000 0.038791
vt 0.625000 0.024263
vt 0.625000 0.067099
vt 0.625000 0.062138
vt 0.625000 0.057277
vt 0.625000 0.052616
vt 0.625000 0.048249
vt 0.625000 0.044265
vt 0.625000 0.032266
vt 0.875000 0.719092
vt 0.875000 0.746385
vt 0.875000 0.747651
vt 0.875000 0.718632
vt 0.875000 0.748663
vt 0.875000 0.718264
vt 0.875000 0.749400
vt 0.875000 0.717996
vt 0.875000 0.749849
vt 0.875000 0.717832
vt 0.875000 0.717777
vt 0.625000 0.067813
vt 0.625000 0.064001
vt 0.625000 0.060266
vt 0.625000 0.056684
vt 0.625000 0.053327
vt 0.625000 0.050265
vt 0.625000 0.041040
vt 0.875000 0.708960
vt 0.875000 0.708972
vt 0.875000 0.708981
vt 0.875000 0.708988
vt 0.875000 0.708992
vt 0.875000 0.708993
vt 0.625000 0.068576
vt 0.625000 0.065992
vt 0.625000 0.063458
vt 0.625000 0.061028
vt 0.625000 0.058750
vt 0.625000 0.056671
vt 0.625000 0.050407
vt 0.875000 0.699593
vt 0.875000 0.699601
vt 0.875000 0.699607
vt 0.875000 0.699612
vt 0.875000 0.699615
vt 0.875000 0.699616
vt 0.625000 0.069370
vt 0.625000 0.068066
vt 0.625000 0.066787
vt 0.625000 0.065557
vt 0.625000 0.064404
vt 0.625000 0.063352
vt 0.625000 0.060225
vt 0.875000 0.689794
vt 0.875000 0.689813
vt 0.875000 0.689827
vt 0.875000 0.689833
vt 0.875000 0.689835
vt 0.875000 0.689836
vt 0.625000 0.072482
vt 0.625000 0.072157
vt 0.625000 0.071836
vt 0.625000 0.071526
vt 0.625000 0.071234
vt 0.625000 0.070965
vt 0.625000 0.070631
vt 0.875000 0.679374
vt 0.875000 0.679543
vt 0.875000 0.679678
vt 0.875000 0.679775
vt 0.875000 0.679833
vt 0.875000 0.679853
vt 0.625000 0.064302
vt 0.625000 0.064521
vt 0.625000 0.055423
vt 0.625000 0.055137
vt 0.625000 0.046512
vt 0.625000 0.046161
vt 0.625000 0.037971
vt 0.625000 0.037560
vt 0.625000 0.029977
vt 0.625000 0.029508
vt 0.625000 0.022695
vt 0.625000 0.022170
vt 0.625000 0.000786
vt 0.625000 0.000017
vt 0.625000 1.000000
vt 0.625000 1.000000
vt 0.625000 1.000000
vt 0.625000 0.064693
vt 0.625000 0.055871
vt 0.625000 0.047228
vt 0.625000 0.038941
vt 0.625000 0.031183
vt 0.625000 0.024118
vt 0.625000 0.002918
vt 0.625000 0.064977
vt 0.625000 0.056611
vt 0.625000 0.048411
vt 0.625000 0.040546
vt 0.625000 0.033175
vt 0.625000 0.026458
vt 0.625000 0.006412
vt 0.625000 0.065366
vt 0.625000 0.057626
vt 0.625000 0.050039
vt 0.625000 0.042755
vt 0.625000 0.035920
vt 0.625000 0.029670
vt 0.625000 0.011110
vt 0.625000 0.065853
vt 0.625000 0.058897
vt 0.625000 0.052077
vt 0.625000 0.045527
vt 0.625000 0.039374
vt 0.625000 0.033732
vt 0.625000 0.015418
vt 0.625000 0.066428
vt 0.625000 0.060398
vt 0.625000 0.054486
vt 0.625000 0.048808
vt 0.625000 0.043477
vt 0.625000 0.038599
vt 0.625000 0.024115
vt 0.625000 0.024137
vt 0.625000 0.014948
vt 0.625000 0.024162
vt 0.625000 0.014304
vt 0.625000 0.024185
vt 0.625000 0.013707
vt 0.625000 0.024203
vt 0.625000 0.013177
vt 0.625000 0.024210
vt 0.625000 0.012735
vt 0.625000 0.067079
vt 0.625000 0.062099
vt 0.625000 0.057216
vt 0.625000 0.052529
vt 0.625000 0.048137
vt 0.625000 0.044135
vt 0.625000 0.032266
vt 0.625000 0.032251
vt 0.625000 0.032239
vt 0.625000 0.032230
vt 0.625000 0.032224
vt 0.625000 0.032223
vt 0.625000 0.067793
vt 0.625000 0.063964
vt 0.625000 0.060210
vt 0.625000 0.056611
vt 0.625000 0.053244
vt 0.625000 0.050184
vt 0.625000 0.041028
vt 0.625000 0.041019
vt 0.625000 0.041012
vt 0.625000 0.041008
vt 0.625000 0.068556
vt 0.625000 0.065955
vt 0.625000 0.063408
vt 0.625000 0.060967
vt 0.625000 0.058689
vt 0.625000 0.056619
vt 0.625000 0.050407
vt 0.625000 0.050399
vt 0.625000 0.050393
vt 0.625000 0.050388
vt 0.625000 0.050385
vt 0.625000 0.050384
vt 0.625000 0.069351
vt 0.625000 0.068032
vt 0.625000 0.066742
vt 0.625000 0.065509
vt 0.625000 0.064359
vt 0.625000 0.063316
vt 0.625000 0.060215
vt 0.625000 0.060187
vt 0.625000 0.060173
vt 0.625000 0.060167
vt 0.625000 0.060165
vt 0.625000 0.060164
vt 0.625000 0.072464
vt 0.625000 0.072128
vt 0.625000 0.071800
vt 0.625000 0.071489
vt 0.625000 0.071201
vt 0.625000 0.070940
vt 0.625000 0.070628
vt 0.625000 0.070457
vt 0.625000 0.070322
vt 0.625000 0.070225
vt 0.625000 0.070166
vt 0.625000 0.070147
vt 0.875000 0.689836
vt 0.875000 0.717777
vt 0.875000 0.708993
vt 0.875000 0.699616
vt 0.875000 0.560164
vt 0.625000 0.250000
vt 0.875000 0.550384
vt 0.875000 0.541007
vt 0.875000 0.532223
vt 0.625000 0.250000
vt 0.625000 0.250000
vt 0.625000 0.060164
vt 0.625000 0.050384
vt 0.625000 0.041007
vt 0.625000 0.032223
vt 0.625000 0.024210
vt 0.625000 0.189836
vt 0.625000 0.217777
vt 0.625000 0.199616
vt 0.841844 0.028269
vt 0.796822 0.014612
vt 0.750000 0.010000
vt 0.703178 0.014612
vt 0.658156 0.028269
vt 0.616663 0.050447
vt 0.580294 0.080294
vt 0.550447 0.116663
vt 0.528269 0.158156
vt 0.514612 0.203178
vt 0.510000 0.250000
vt 0.514612 0.296822
vt 0.528269 0.341844
vt 0.550447 0.383337
vt 0.580294 0.419706
vt 0.616663 0.449553
vt 0.658156 0.471731
vt 0.703178 0.485388
vt 0.750000 0.490000
vt 0.796822 0.485388
vt 0.841844 0.471731
vt 0.883337 0.449553
vt 0.919706 0.419706
vt 0.949553 0.383337
vt 0.971731 0.341844
vt 0.985388 0.296822
vt 0.990000 0.250000
vt 0.985388 0.203178
vt 0.971731 0.158156
vt 0.949553 0.116663
vt 0.919706 0.080294
vt 0.883337 0.050447
vt 0.375000 0.250000
vt 0.125000 0.500000
vt 0.125000 0.750000
vt 0.296822 0.485388
vt 0.250000 0.490000
vt 0.250000 0.449375
vt 0.288896 0.445544
vt 0.341844 0.471731
vt 0.326297 0.434198
vt 0.383337 0.449553
vt 0.360767 0.415774
vt 0.419706 0.419706
vt 0.390979 0.390979
vt 0.419706 0.080294
vt 0.449553 0.116663
vt 0.415774 0.139233
vt 0.390979 0.109021
vt 0.471731 0.158156
vt 0.434198 0.173703
vt 0.485388 0.203178
vt 0.445544 0.211104
vt 0.203178 0.014612
vt 0.250000 0.010000
vt 0.250000 0.050625
vt 0.211104 0.054456
vt 0.296822 0.014612
vt 0.288896 0.054456
vt 0.341844 0.028269
vt 0.326297 0.065802
vt 0.383337 0.050447
vt 0.360767 0.084226
vt 0.158156 0.028269
vt 0.173703 0.065802
vt 0.449553 0.383337
vt 0.415774 0.360767
vt 0.471731 0.341844
vt 0.434198 0.326297
vt 0.485388 0.296822
vt 0.445544 0.288896
vt 0.490000 0.250000
vt 0.449375 0.250000
vt 0.116663 0.050447
vt 0.139233 0.084226
vt 0.080294 0.080294
vt 0.109021 0.109021
vt 0.050447 0.116663
vt 0.084226 0.139233
vt 0.028269 0.158156
vt 0.065802 0.173703
vt 0.014612 0.203178
vt 0.054456 0.211104
vt 0.010000 0.250000
vt 0.050625 0.250000
vt 0.014612 0.296822
vt 0.054456 0.288896
vt 0.028269 0.341844
vt 0.065802 0.326297
vt 0.050447 0.383337
vt 0.084226 0.360767
vt 0.080294 0.419706
vt 0.109021 0.390979
vt 0.116663 0.449553
vt 0.139233 0.415774
vt 0.158156 0.471731
vt 0.173703 0.434198
vt 0.203178 0.485388
vt 0.211104 0.445544
vt 0.343750 0.500000
vt 0.343750 0.957886
vt 0.312500 0.957886
vt 0.312500 0.500000
vt 0.281250 0.957886
vt 0.281250 0.500000
vt 0.375000 0.957886
vt 0.406250 0.500000
vt 0.406250 0.957886
vt 0.437500 0.500000
vt 0.437500 0.957886
vt 0.468750 0.500000
vt 0.468750 0.957886
vt 0.500000 0.500000
vt 0.500000 0.957886
vt 0.687500 0.500000
vt 0.687500 0.957886
vt 0.656250 0.957886
vt 0.656250 0.500000
vt 1.000000 0.500000
vt 1.000000 0.957886
vt 0.968750 0.957886
vt 0.968750 0.500000
vt 0.625000 0.957886
vt 0.937500 0.957886
vt 0.937500 0.500000
vt 0.593750 0.957886
vt 0.593750 0.500000
vt 0.906250 0.957886
vt 0.906250 0.500000
vt 0.562500 0.957886
vt 0.562500 0.500000
vt 0.875000 0.957886
vt 0.531250 0.957886
vt 0.531250 0.500000
vt 0.843750 0.957886
vt 0.843750 0.500000
vt 0.812500 0.957886
vt 0.812500 0.500000
vt 0.781250 0.957886
vt 0.781250 0.500000
vt 0.750000 0.957886
vt 0.718750 0.957886
vt 0.718750 0.500000
vt 0.031250 0.500000
vt 0.031250 0.957886
vt 0.000000 0.957886
vt 0.000000 0.500000
vt 0.250000 0.957886
vt 0.218750 0.957886
vt 0.218750 0.500000
vt 0.187500 0.957886
vt 0.187500 0.500000
vt 0.156250 0.957886
vt 0.156250 0.500000
vt 0.125000 0.957886
vt 0.093750 0.957886
vt 0.093750 0.500000
vt 0.062500 0.957886
vt 0.062500 0.500000
s 0
f 1/1/1 2/2/1 4/3/1 3/4/1
f 92/5/2 93/6/2 8/7/2 7/8/2
f 7/8/3 8/7/3 6/9/3 5/10/3
f 679/11/4 680/12/4 2/13/4 1/14/4
f 92/15/5 7/8/5 5/10/5 679/16/5
f 14/9/6 13/7/6 11/7/6 12/9/6
f 681/17/7 10/18/7 9/19/7 682/20/7
f 684/12/8 14/9/8 12/9/8 682/12/8
f 683/6/9 16/3/9 10/3/9 681/6/9
f 93/6/10 4/3/10 16/3/10 683/6/10
f 680/12/11 6/9/11 14/9/11 684/12/11
f 4/3/12 2/2/12 15/2/12 753/21/12 754/22/12 755/23/12 756/24/12 757/25/12 717/26/12 723/27/12 724/28/12 725/29/12 726/30/12 727/31/12 16/3/12
f 6/9/13 8/7/13 13/7/13 14/9/13
f 17/13/14 20/32/14 19/33/14
f 20/32/15 21/13/15 19/13/15
f 21/13/16 22/13/16 19/13/16
f 22/13/17 23/34/17 19/13/17
f 23/34/18 24/13/18 19/13/18
f 24/13/19 25/13/19 19/13/19
f 25/13/20 26/13/20 19/13/20
f 26/13/21 27/13/21 19/13/21
f 27/13/22 28/13/22 19/13/22
f 28/13/23 29/13/23 19/13/23
f 29/13/24 18/13/24 19/13/24
f 30/35/25 33/3/25 32/35/25
f 33/3/26 34/3/26 32/3/26
f 34/3/27 35/3/27 32/3/27
f 35/3/28 36/3/28 32/3/28
f 36/3/29 37/3/29 32/3/29
f 37/3/30 38/3/30 32/3/30
f 38/3/31 39/3/31 32/3/31
f 39/3/32 40/3/32 32/3/32
f 40/3/33 41/3/33 32/3/33
f 41/3/34 42/3/34 32/3/34
f 42/3/35 31/3/35 32/3/35
f 43/2/36 46/36/36 45/2/36
f 46/36/37 47/37/37 45/2/37
f 47/37/38 48/38/38 45/2/38
f 48/38/39 49/39/39 45/2/39
f 49/39/40 50/40/40 45/2/40
f 50/40/41 51/41/41 45/2/41
f 51/41/42 52/42/42 45/2/42
f 52/42/43 53/43/43 45/2/43
f 53/43/44 54/44/44 45/2/44
f 54/44/45 55/45/45 45/2/45
f 55/45/46 44/46/46 758/47/46 759/48/46 760/49/46 761/50/46 762/51/46 718/52/46 728/53/46 729/54/46 730/55/46 731/56/46 732/57/46 45/2/46
f 56/58/47 59/59/47 58/3/47 763/60/47 764/61/47 765/62/47 766/63/47 767/64/47 719/65/47 733/66/47 734/67/47 735/68/47 736/69/47 737/70/47
f 59/59/48 60/71/48 58/3/48
f 60/71/49 61/72/49 58/3/49
f 61/72/50 62/73/50 58/3/50
f 62/73/51 63/74/51 58/3/51
f 63/74/52 64/75/52 58/3/52
f 64/75/53 65/76/53 58/3/53
f 65/76/54 66/77/54 58/3/54
f 66/77/55 67/78/55 58/3/55
f 67/78/56 68/79/56 58/3/56
f 68/79/57 57/3/57 58/3/57
f 15/13/58 9/13/58 19/33/58 18/33/58 43/33/58 45/13/58 768/13/58 769/13/58 770/13/58 771/13/58 772/13/58 720/13/58 738/13/58 739/13/58 740/13/58 741/13/58 742/13/58
f 9/19/59 10/18/59 32/18/59 31/80/59 17/81/59 19/19/59
f 10/3/60 16/3/60 773/3/60 774/3/60 775/3/60 776/3/60 777/3/60 721/3/60 743/3/60 744/3/60 745/3/60 746/3/60 747/3/60 58/3/60 57/35/60 30/35/60 32/35/60
f 16/3/61 727/31/61 726/30/61 725/29/61 724/28/61 723/27/61 717/26/61 757/25/61 756/24/61 755/23/61 754/22/61 753/21/61 15/2/61 742/2/61 741/2/61 740/2/61 739/2/61 738/2/61 720/2/61 772/2/61 771/2/61 770/2/61 769/2/61 768/2/61 45/2/61 732/57/61 731/56/61 730/55/61 729/54/61 728/53/61 718/52/61 762/51/61 761/50/61 760/49/61 759/48/61 758/82/61 44/83/61 778/84/61 779/85/61 780/86/61 781/87/61 782/88/61 722/89/61 748/90/61 749/91/61 750/92/61 751/93/61 752/94/61 56/58/61 737/70/61 736/69/61 735/68/61 734/67/61 733/66/61 719/65/61 767/64/61 766/63/61 765/62/61 764/61/61 763/60/61 58/3/61 747/3/61 746/3/61 745/3/61 744/3/61 743/3/61 721/3/61 777/3/61 776/3/61 775/3/61 774/3/61 773/3/61
f 538/95/62 658/96/62 660/97/62 540/98/62
f 540/98/63 660/97/63 661/99/63 541/100/63
f 541/100/64 661/99/64 662/101/64 542/102/64
f 542/102/65 662/101/65 663/103/65 543/104/65
f 543/104/66 663/103/66 664/105/66 544/106/66
f 544/106/67 664/105/67 665/107/67 545/108/67
f 545/108/68 665/107/68 666/109/68 546/110/68
f 546/110/69 666/109/69 667/111/69 547/112/69
f 547/112/70 667/111/70 668/113/70 548/114/70
f 548/114/71 668/113/71 669/115/71 549/116/71
f 549/116/72 669/115/72 659/59/72 539/117/72
f 658/96/73 646/118/73 648/119/73 660/97/73
f 660/97/74 648/119/74 649/120/74 661/99/74
f 661/99/75 649/120/75 650/121/75 662/101/75
f 662/101/76 650/121/76 651/122/76 663/103/76
f 663/103/77 651/122/77 652/123/77 664/105/77
f 664/105/78 652/123/78 653/124/78 665/107/78
f 665/107/79 653/124/79 654/125/79 666/109/79
f 666/109/80 654/125/80 655/126/80 667/111/80
f 667/111/81 655/126/81 656/127/81 668/113/81
f 668/113/82 656/127/82 657/128/82 669/115/82
f 669/115/83 657/128/83 647/129/83 659/59/83
f 646/118/84 634/130/84 636/131/84 648/119/84
f 648/119/85 636/131/85 637/132/85 649/120/85
f 649/120/86 637/132/86 638/133/86 650/121/86
f 650/121/87 638/133/87 639/134/87 651/122/87
f 651/122/88 639/134/88 640/135/88 652/123/88
f 652/123/89 640/135/89 641/136/89 653/124/89
f 653/124/90 641/136/90 642/137/90 654/125/90
f 654/125/91 642/137/91 643/138/91 655/126/91
f 655/126/92 643/138/92 644/139/92 656/127/92
f 656/127/93 644/139/93 645/140/93 657/128/93
f 657/128/94 645/140/94 635/72/94 647/129/94
f 634/130/95 622/141/95 624/142/95 636/131/95
f 636/131/96 624/142/96 625/143/96 637/132/96
f 637/132/97 625/143/97 626/144/97 638/133/97
f 638/133/98 626/144/98 627/145/98 639/134/98
f 639/134/99 627/145/99 628/146/99 640/135/99
f 640/135/100 628/146/100 629/147/100 641/136/100
f 641/136/101 629/147/101 630/148/101 642/137/101
f 642/137/102 630/148/102 631/149/102 643/138/102
f 643/138/103 631/149/103 632/150/103 644/139/103
f 644/139/104 632/150/104 633/151/104 645/140/104
f 645/140/105 633/151/105 623/152/105 635/72/105
f 622/141/106 610/153/106 612/154/106 624/142/106
f 624/142/107 612/154/107 613/155/107 625/143/107
f 625/143/108 613/155/108 614/156/108 626/144/108
f 626/144/109 614/156/109 615/157/109 627/145/109
f 627/145/110 615/157/110 616/158/110 628/146/110
f 628/146/111 616/158/111 617/159/111 629/147/111
f 629/147/112 617/159/112 618/160/112 630/148/112
f 630/148/113 618/160/113 619/161/113 631/149/113
f 631/149/114 619/161/114 620/162/114 632/150/114
f 632/150/115 620/162/115 621/163/115 633/151/115
f 633/151/116 621/163/116 611/164/116 623/152/116
f 610/153/117 598/165/117 600/166/117 612/154/117
f 612/154/118 600/166/118 601/167/118 613/155/118
f 613/155/119 601/167/119 602/168/119 614/156/119
f 614/156/120 602/168/120 603/169/120 615/157/120
f 615/157/121 603/169/121 604/170/121 616/158/121
f 616/158/122 604/170/122 605/171/122 617/159/122
f 617/159/123 605/171/123 606/172/123 618/160/123
f 618/160/124 606/172/124 607/173/124 619/161/124
f 619/161/125 607/173/125 608/174/125 620/162/125
f 620/162/126 608/174/126 609/175/126 621/163/126
f 621/163/127 609/175/127 599/176/127 611/164/127
f 598/165/128 586/177/128 588/178/128 600/166/128
f 600/166/129 588/178/129 589/179/129 601/167/129
f 601/167/130 589/179/130 590/180/130 602/168/130
f 602/168/131 590/180/131 591/181/131 603/169/131
f 603/169/132 591/181/132 592/182/132 604/170/132
f 604/170/133 592/182/133 593/183/133 605/171/133
f 605/171/134 593/183/134 594/184/134 606/172/134
f 606/172/135 594/184/135 595/185/135 607/173/135
f 607/173/136 595/185/136 596/186/136 608/174/136
f 608/174/137 596/186/137 597/187/137 609/175/137
f 609/175/138 597/187/138 587/188/138 599/176/138
f 586/177/139 574/189/139 576/190/139 588/178/139
f 588/178/140 576/190/140 577/191/140 589/179/140
f 589/179/141 577/191/141 578/192/141 590/180/141
f 590/180/142 578/192/142 579/193/142 591/181/142
f 591/181/143 579/193/143 580/194/143 592/182/143
f 592/182/144 580/194/144 581/195/144 593/183/144
f 593/183/145 581/195/145 582/196/145 594/184/145
f 594/184/146 582/196/146 583/197/146 595/185/146
f 595/185/147 583/197/147 584/198/147 596/186/147
f 596/186/148 584/198/148 585/199/148 597/187/148
f 597/187/149 585/199/149 575/200/149 587/188/149
f 574/189/150 562/201/150 564/202/150 576/190/150
f 576/190/151 564/202/151 565/203/151 577/191/151
f 577/191/152 565/203/152 566/204/152 578/192/152
f 578/192/153 566/204/153 567/205/153 579/193/153
f 579/193/154 567/205/154 568/206/154 580/194/154
f 580/194/155 568/206/155 569/207/155 581/195/155
f 581/195/156 569/207/156 570/208/156 582/196/156
f 582/196/157 570/208/157 571/209/157 583/197/157
f 583/197/158 571/209/158 572/210/158 584/198/158
f 584/198/159 572/210/159 573/211/159 585/199/159
f 585/199/160 573/211/160 563/212/160 575/200/160
f 562/201/161 550/213/161 552/214/161 564/202/161
f 564/202/162 552/214/162 553/215/162 565/203/162
f 565/203/163 553/215/163 554/216/163 566/204/163
f 566/204/164 554/216/164 555/217/164 567/205/164
f 567/205/165 555/217/165 556/218/165 568/206/165
f 568/206/166 556/218/166 557/219/166 569/207/166
f 569/207/167 557/219/167 558/220/167 570/208/167
f 570/208/168 558/220/168 559/221/168 571/209/168
f 571/209/169 559/221/169 560/222/169 572/210/169
f 572/210/170 560/222/170 561/223/170 573/211/170
f 573/211/171 561/223/171 551/224/171 563/212/171
f 550/213/172 526/225/172 528/226/172 552/214/172
f 552/214/173 528/226/173 529/227/173 553/215/173
f 553/215/174 529/227/174 530/228/174 554/216/174
f 554/216/175 530/228/175 531/229/175 555/217/175
f 555/217/176 531/229/176 532/230/176 556/218/176
f 556/218/177 532/230/177 533/231/177 557/219/177
f 557/219/178 533/231/178 534/232/178 558/220/178
f 558/220/179 534/232/179 535/233/179 559/221/179
f 559/221/180 535/233/180 536/234/180 560/222/180
f 560/222/181 536/234/181 537/235/181 561/223/181
f 561/223/182 537/235/182 527/3/182 551/224/182
f 262/236/183 238/237/183 240/238/183 264/239/183
f 264/239/184 240/238/184 241/240/184 265/241/184
f 265/241/185 241/240/185 242/242/185 266/243/185
f 266/243/186 242/242/186 243/244/186 267/245/186
f 267/245/187 243/244/187 244/246/187 268/247/187
f 268/247/188 244/246/188 245/248/188 269/249/188
f 269/250/189 245/251/189 246/252/189 270/253/189
f 270/253/190 246/252/190 247/254/190 271/255/190
f 271/255/191 247/254/191 248/256/191 272/257/191
f 272/257/192 248/256/192 249/258/192 273/259/192
f 273/259/193 249/258/193 239/260/193 263/261/193
f 274/262/194 262/236/194 264/239/194 276/263/194
f 276/263/195 264/239/195 265/241/195 277/264/195
f 277/264/196 265/241/196 266/243/196 278/265/196
f 278/265/197 266/243/197 267/245/197 279/266/197
f 279/266/198 267/245/198 268/247/198 280/267/198
f 280/267/199 268/247/199 269/249/199 281/268/199
f 281/269/200 269/250/200 270/253/200 282/270/200
f 282/270/201 270/253/201 271/255/201 283/271/201
f 283/271/202 271/255/202 272/257/202 284/272/202
f 284/272/203 272/257/203 273/259/203 285/273/203
f 285/273/204 273/259/204 263/261/204 275/274/204
f 286/275/205 274/262/205 276/263/205 288/276/205
f 288/276/206 276/263/206 277/264/206 289/277/206
f 289/277/207 277/264/207 278/265/207 290/278/207
f 290/278/208 278/265/208 279/266/208 291/279/208
f 291/279/209 279/266/209 280/267/209 292/280/209
f 292/280/210 280/267/210 281/268/210 293/281/210
f 293/282/211 281/269/211 282/270/211 294/283/211
f 294/283/212 282/270/212 283/271/212 295/284/212
f 295/284/213 283/271/213 284/272/213 296/285/213
f 296/285/214 284/272/214 285/273/214 297/286/214
f 297/286/215 285/273/215 275/274/215 287/287/215
f 298/288/216 286/275/216 288/276/216 300/289/216
f 300/289/217 288/276/217 289/277/217 301/290/217
f 301/290/218 289/277/218 290/278/218 302/291/218
f 302/291/219 290/278/219 291/279/219 303/292/219
f 303/292/220 291/279/220 292/280/220 304/293/220
f 304/293/221 292/280/221 293/281/221 305/294/221
f 305/295/222 293/282/222 294/283/222 306/296/222
f 306/296/223 294/283/223 295/284/223 307/297/223
f 307/297/224 295/284/224 296/285/224 308/298/224
f 308/298/225 296/285/225 297/286/225 309/299/225
f 309/299/226 297/286/226 287/287/226 299/300/226
f 310/301/227 298/288/227 300/289/227 312/302/227
f 312/302/228 300/289/228 301/290/228 313/303/228
f 313/303/229 301/290/229 302/291/229 314/304/229
f 314/304/230 302/291/230 303/292/230 315/305/230
f 315/305/231 303/292/231 304/293/231 316/306/231
f 316/306/232 304/293/232 305/294/232 317/307/232
f 317/308/233 305/295/233 306/296/233 318/309/233
f 318/309/234 306/296/234 307/297/234 319/310/234
f 319/310/235 307/297/235 308/298/235 320/311/235
f 320/311/236 308/298/236 309/299/236 321/312/236
f 321/312/237 309/299/237 299/300/237 311/18/237
f 322/313/238 310/301/238 312/302/238 324/314/238
f 324/314/239 312/302/239 313/303/239 325/315/239
f 325/315/240 313/303/240 314/304/240 326/316/240
f 326/316/241 314/304/241 315/305/241 327/317/241
f 327/317/242 315/305/242 316/306/242 328/318/242
f 328/318/243 316/306/243 317/307/243 329/319/243
f 329/319/244 317/307/244 318/320/244 330/321/244
f 330/321/245 318/320/245 319/322/245 331/323/245
f 331/323/246 319/322/246 320/324/246 332/325/246
f 332/325/247 320/324/247 321/326/247 333/327/247
f 333/327/248 321/326/248 311/328/248 323/329/248
f 334/330/249 322/313/249 324/314/249 336/331/249
f 336/331/250 324/314/250 325/315/250 337/332/250
f 337/332/251 325/315/251 326/316/251 338/333/251
f 338/333/252 326/316/252 327/317/252 339/334/252
f 339/334/253 327/317/253 328/318/253 340/335/253
f 340/335/254 328/318/254 329/319/254 341/336/254
f 341/336/255 329/319/255 330/321/255 342/337/255
f 342/337/256 330/321/256 331/323/256 343/338/256
f 343/338/257 331/323/257 332/325/257 344/339/257
f 344/339/258 332/325/258 333/327/258 345/340/258
f 345/340/259 333/327/259 323/329/259 335/188/259
f 346/341/260 334/330/260 336/331/260 348/342/260
f 348/342/261 336/331/261 337/332/261 349/343/261
f 349/343/262 337/332/262 338/333/262 350/344/262
f 350/344/263 338/333/263 339/334/263 351/345/263
f 351/345/264 339/334/264 340/335/264 352/346/264
f 352/346/265 340/335/265 341/336/265 353/347/265
f 353/347/266 341/336/266 342/337/266 354/348/266
f 354/348/267 342/337/267 343/338/267 355/349/267
f 355/349/268 343/338/268 344/339/268 356/350/268
f 356/350/269 344/339/269 345/340/269 357/351/269
f 357/351/270 345/340/270 335/188/270 347/352/270
f 358/353/271 346/341/271 348/342/271 360/354/271
f 360/354/272 348/342/272 349/343/272 361/355/272
f 361/355/273 349/343/273 350/344/273 362/356/273
f 362/356/274 350/344/274 351/345/274 363/357/274
f 363/357/275 351/345/275 352/346/275 364/358/275
f 364/358/276 352/346/276 353/347/276 365/359/276
f 365/359/277 353/347/277 354/348/277 366/360/277
f 366/360/278 354/348/278 355/349/278 367/361/278
f 367/361/279 355/349/279 356/350/279 368/362/279
f 368/362/280 356/350/280 357/351/280 369/363/280
f 369/363/281 357/351/281 347/352/281 359/364/281
f 370/365/282 358/353/282 360/354/282 372/366/282
f 372/366/283 360/354/283 361/355/283 373/367/283
f 373/367/284 361/355/284 362/356/284 374/368/284
f 374/368/285 362/356/285 363/357/285 375/369/285
f 375/369/286 363/357/286 364/358/286 376/370/286
f 376/370/287 364/358/287 365/359/287 377/371/287
f 377/371/288 365/359/288 366/360/288 378/372/288
f 378/372/289 366/360/289 367/361/289 379/373/289
f 379/373/290 367/361/290 368/362/290 380/374/290
f 380/374/291 368/362/291 369/363/291 381/223/291
f 381/223/292 369/363/292 359/364/292 371/375/292
f 250/376/293 370/365/293 372/366/293 252/377/293
f 252/377/294 372/366/294 373/367/294 253/378/294
f 253/378/295 373/367/295 374/368/295 254/379/295
f 254/379/296 374/368/296 375/369/296 255/380/296
f 255/380/297 375/369/297 376/370/297 256/381/297
f 256/381/298 376/370/298 377/371/298 257/382/298
f 257/382/299 377/371/299 378/372/299 258/383/299
f 258/383/300 378/372/300 379/373/300 259/233/300
f 259/233/301 379/373/301 380/374/301 260/384/301
f 260/384/302 380/374/302 381/223/302 261/385/302
f 261/385/303 381/223/303 371/375/303 251/3/303
f 118/386/304 94/387/304 96/388/304 120/389/304
f 120/389/305 96/388/305 97/390/305 121/391/305
f 121/391/306 97/390/306 98/392/306 122/393/306
f 122/393/307 98/392/307 99/394/307 123/395/307
f 123/395/308 99/394/308 100/396/308 124/397/308
f 124/397/309 100/396/309 101/398/309 125/399/309
f 125/34/310 101/13/310 102/400/310 126/401/310
f 126/401/311 102/400/311 103/402/311 127/34/311
f 127/34/312 103/402/312 104/13/312 128/403/312
f 128/403/313 104/13/313 105/13/313 129/404/313
f 129/404/314 105/13/314 95/13/314 119/403/314
f 130/405/315 118/386/315 120/389/315 132/406/315
f 132/406/316 120/389/316 121/391/316 133/407/316
f 133/407/317 121/391/317 122/393/317 134/408/317
f 134/408/318 122/393/318 123/395/318 135/409/318
f 135/409/319 123/395/319 124/397/319 136/410/319
f 136/410/320 124/397/320 125/399/320 137/411/320
f 137/403/321 125/34/321 126/401/321 138/403/321
f 138/403/322 126/401/322 127/34/322 139/33/322
f 139/33/323 127/34/323 128/403/323 140/412/323
f 140/412/324 128/403/324 129/404/324 141/13/324
f 141/13/325 129/404/325 119/403/325 131/413/325
f 142/414/326 130/405/326 132/406/326 144/415/326
f 144/415/327 132/406/327 133/407/327 145/416/327
f 145/416/328 133/407/328 134/408/328 146/417/328
f 146/417/329 134/408/329 135/409/329 147/418/329
f 147/418/330 135/409/330 136/410/330 148/419/330
f 148/419/331 136/410/331 137/411/331 149/420/331
f 149/13/332 137/403/332 138/403/332 150/13/332
f 150/13/333 138/403/333 139/33/333 151/13/333
f 151/13/334 139/33/334 140/412/334 152/13/334
f 152/13/335 140/412/335 141/13/335 153/13/335
f 153/13/336 141/13/336 131/413/336 143/13/336
f 154/421/337 142/414/337 144/415/337 156/422/337
f 156/422/338 144/415/338 145/416/338 157/423/338
f 157/423/339 145/416/339 146/417/339 158/424/339
f 158/424/340 146/417/340 147/418/340 159/425/340
f 159/425/341 147/418/341 148/419/341 160/426/341
f 160/426/342 148/419/342 149/420/342 161/427/342
f 161/34/343 149/13/343 150/13/343 162/412/343
f 162/412/344 150/13/344 151/13/344 163/13/344
f 163/13/345 151/13/345 152/13/345 164/428/345
f 164/428/346 152/13/346 153/13/346 165/13/346
f 165/13/347 153/13/347 143/13/347 155/13/347
f 166/429/348 154/421/348 156/422/348 168/430/348
f 168/430/349 156/422/349 157/423/349 169/431/349
f 169/431/350 157/423/350 158/424/350 170/432/350
f 170/432/351 158/424/351 159/425/351 171/433/351
f 171/433/352 159/425/352 160/426/352 172/434/352
f 172/434/353 160/426/353 161/427/353 173/435/353
f 173/404/354 161/34/354 162/412/354 174/403/354
f 174/403/355 162/412/355 163/13/355 175/403/355
f 175/403/356 163/13/356 164/428/356 176/33/356
f 176/33/357 164/428/357 165/13/357 177/404/357
f 177/404/358 165/13/358 155/13/358 167/436/358
f 178/437/359 166/429/359 168/430/359 180/438/359
f 180/438/360 168/430/360 169/431/360 181/439/360
f 181/439/361 169/431/361 170/432/361 182/440/361
f 182/440/362 170/432/362 171/433/362 183/441/362
f 183/441/363 171/433/363 172/434/363 184/442/363
f 184/442/364 172/434/364 173/435/364 185/443/364
f 185/13/365 173/404/365 174/403/365 186/13/365
f 186/13/366 174/403/366 175/403/366 187/13/366
f 187/13/367 175/403/367 176/33/367 188/403/367
f 188/403/368 176/33/368 177/404/368 189/403/368
f 189/403/369 177/404/369 167/436/369 179/402/369
f 190/444/370 178/437/370 180/438/370 192/445/370
f 192/445/371 180/438/371 181/439/371 193/446/371
f 193/446/372 181/439/372 182/440/372 194/447/372
f 194/447/373 182/440/373 183/441/373 195/448/373
f 195/448/374 183/441/374 184/442/374 196/449/374
f 196/449/375 184/442/375 185/443/375 197/450/375
f 197/451/376 185/452/376 186/453/376 198/454/376
f 198/454/377 186/453/377 187/455/377 199/456/377
f 199/456/378 187/455/378 188/457/378 200/458/378
f 200/458/379 188/457/379 189/459/379 201/460/379
f 201/460/380 189/459/380 179/19/380 191/461/380
f 202/462/381 190/444/381 192/445/381 204/463/381
f 204/463/382 192/445/382 193/446/382 205/464/382
f 205/464/383 193/446/383 194/447/383 206/465/383
f 206/465/384 194/447/384 195/448/384 207/466/384
f 207/466/385 195/448/385 196/449/385 208/467/385
f 208/467/386 196/449/386 197/450/386 209/468/386
f 209/469/387 197/451/387 198/454/387 210/470/387
f 210/470/388 198/454/388 199/456/388 211/471/388
f 211/471/389 199/456/389 200/458/389 212/472/389
f 212/472/390 200/458/390 201/460/390 213/473/390
f 213/473/391 201/460/391 191/461/391 203/474/391
f 214/475/392 202/462/392 204/463/392 216/476/392
f 216/476/393 204/463/393 205/464/393 217/477/393
f 217/477/394 205/464/394 206/465/394 218/478/394
f 218/478/395 206/465/395 207/466/395 219/479/395
f 219/479/396 207/466/396 208/467/396 220/480/396
f 220/480/397 208/467/397 209/468/397 221/481/397
f 221/482/398 209/469/398 210/470/398 222/483/398
f 222/483/399 210/470/399 211/471/399 223/484/399
f 223/484/400 211/471/400 212/472/400 224/485/400
f 224/485/401 212/472/401 213/473/401 225/486/401
f 225/486/402 213/473/402 203/474/402 215/487/402
f 226/488/403 214/475/403 216/476/403 228/489/403
f 228/489/404 216/476/404 217/477/404 229/490/404
f 229/490/405 217/477/405 218/478/405 230/491/405
f 230/491/406 218/478/406 219/479/406 231/492/406
f 231/492/407 219/479/407 220/480/407 232/493/407
f 232/493/408 220/480/408 221/481/408 233/494/408
f 233/495/409 221/482/409 222/483/409 234/496/409
f 234/496/410 222/483/410 223/484/410 235/497/410
f 235/497/411 223/484/411 224/485/411 236/498/411
f 236/498/412 224/485/412 225/486/412 237/499/412
f 237/499/413 225/486/413 215/487/413 227/500/413
f 106/501/414 226/488/414 228/489/414 108/502/414
f 108/502/415 228/489/415 229/490/415 109/503/415
f 109/503/416 229/490/416 230/491/416 110/504/416
f 110/504/417 230/491/417 231/492/417 111/505/417
f 111/505/418 231/492/418 232/493/418 112/506/418
f 112/506/419 232/493/419 233/494/419 113/507/419
f 113/508/420 233/495/420 234/496/420 114/509/420
f 114/509/421 234/496/421 235/497/421 115/510/421
f 115/510/422 235/497/422 236/498/422 116/511/422
f 116/511/423 236/498/423 237/499/423 117/512/423
f 117/512/424 237/499/424 227/500/424 107/513/424
f 394/514/425 514/515/425 516/516/425 396/517/425
f 396/517/426 516/516/426 517/518/426 397/519/426
f 397/519/427 517/518/427 518/520/427 398/521/427
f 398/521/428 518/520/428 519/522/428 399/523/428
f 399/523/429 519/522/429 520/524/429 400/525/429
f 400/525/430 520/524/430 521/526/430 401/527/430
f 401/13/431 521/412/431 522/528/431 402/428/431
f 402/428/432 522/528/432 523/13/432 403/403/432
f 403/403/433 523/13/433 524/403/433 404/404/433
f 404/404/434 524/403/434 525/529/434 405/403/434
f 405/403/435 525/529/435 515/530/435 395/34/435
f 514/515/436 502/531/436 504/532/436 516/516/436
f 516/516/437 504/532/437 505/533/437 517/518/437
f 517/518/438 505/533/438 506/534/438 518/520/438
f 518/520/439 506/534/439 507/535/439 519/522/439
f 519/522/440 507/535/440 508/536/440 520/524/440
f 520/524/441 508/536/441 509/537/441 521/526/441
f 521/412/442 509/13/442 510/428/442 522/528/442
f 522/528/443 510/428/443 511/32/443 523/13/443
f 523/13/444 511/32/444 512/403/444 524/403/444
f 524/403/445 512/403/445 513/412/445 525/529/445
f 525/529/446 513/412/446 503/529/446 515/530/446
f 502/531/447 490/538/447 492/539/447 504/532/447
f 504/532/448 492/539/448 493/540/448 505/533/448
f 505/533/449 493/540/449 494/541/449 506/534/449
f 506/534/450 494/541/450 495/542/450 507/535/450
f 507/535/451 495/542/451 496/543/451 508/536/451
f 508/536/452 496/543/452 497/544/452 509/537/452
f 509/13/453 497/13/453 498/401/453 510/428/453
f 510/428/454 498/401/454 499/402/454 511/32/454
f 511/32/455 499/402/455 500/13/455 512/403/455
f 512/403/456 500/13/456 501/13/456 513/412/456
f 513/412/457 501/13/457 491/13/457 503/529/457
f 490/538/458 478/545/458 480/546/458 492/539/458
f 492/539/459 480/546/459 481/547/459 493/540/459
f 493/540/460 481/547/460 482/548/460 494/541/460
f 494/541/461 482/548/461 483/549/461 495/542/461
f 495/542/462 483/549/462 484/550/462 496/543/462
f 496/543/463 484/550/463 485/551/463 497/544/463
f 497/13/464 485/428/464 486/34/464 498/401/464
f 498/401/465 486/34/465 487/34/465 499/402/465
f 499/402/466 487/34/466 488/413/466 500/13/466
f 500/13/467 488/413/467 489/13/467 501/13/467
f 501/13/468 489/13/468 479/32/468 491/13/468
f 478/545/469 466/552/469 468/553/469 480/546/469
f 480/546/470 468/553/470 469/554/470 481/547/470
f 481/547/471 469/554/471 470/555/471 482/548/471
f 482/548/472 470/555/472 471/556/472 483/549/472
f 483/549/473 471/556/473 472/557/473 484/550/473
f 484/550/474 472/557/474 473/558/474 485/551/474
f 485/428/475 473/13/475 474/32/475 486/34/475
f 486/34/476 474/32/476 475/403/476 487/34/476
f 487/34/477 475/403/477 476/32/477 488/413/477
f 488/413/478 476/32/478 477/33/478 489/13/478
f 489/13/479 477/33/479 467/33/479 479/32/479
f 466/552/480 454/559/480 456/560/480 468/553/480
f 468/553/481 456/560/481 457/561/481 469/554/481
f 469/554/482 457/561/482 458/562/482 470/555/482
f 470/555/483 458/562/483 459/563/483 471/556/483
f 471/556/484 459/563/484 460/564/484 472/557/484
f 472/557/485 460/564/485 461/565/485 473/558/485
f 473/558/486 461/565/486 462/566/486 474/567/486
f 474/567/487 462/566/487 463/568/487 475/569/487
f 475/569/488 463/568/488 464/570/488 476/571/488
f 476/571/489 464/570/489 465/572/489 477/573/489
f 477/573/490 465/572/490 455/574/490 467/575/490
f 454/559/491 442/576/491 444/577/491 456/560/491
f 456/560/492 444/577/492 445/578/492 457/561/492
f 457/561/493 445/578/493 446/579/493 458/562/493
f 458/562/494 446/579/494 447/580/494 459/563/494
f 459/563/495 447/580/495 448/581/495 460/564/495
f 460/564/496 448/581/496 449/582/496 461/565/496
f 461/565/497 449/582/497 450/583/497 462/566/497
f 462/566/498 450/583/498 451/584/498 463/568/498
f 463/568/499 451/584/499 452/585/499 464/570/499
f 464/570/500 452/585/500 453/586/500 465/572/500
f 465/572/501 453/586/501 443/587/501 455/574/501
f 442/576/502 430/588/502 432/589/502 444/577/502
f 444/577/503 432/589/503 433/590/503 445/578/503
f 445/578/504 433/590/504 434/591/504 446/579/504
f 446/579/505 434/591/505 435/592/505 447/580/505
f 447/580/506 435/592/506 436/593/506 448/581/506
f 448/581/507 436/593/507 437/468/507 449/582/507
f 449/582/508 437/468/508 438/594/508 450/583/508
f 450/583/509 438/594/509 439/595/509 451/584/509
f 451/584/510 439/595/510 440/596/510 452/585/510
f 452/585/511 440/596/511 441/597/511 453/586/511
f 453/586/512 441/597/512 431/43/512 443/587/512
f 430/588/513 418/598/513 420/599/513 432/589/513
f 432/589/514 420/599/514 421/600/514 433/590/514
f 433/590/515 421/600/515 422/601/515 434/591/515
f 434/591/516 422/601/516 423/602/516 435/592/516
f 435/592/517 423/602/517 424/603/517 436/593/517
f 436/593/518 424/603/518 425/604/518 437/468/518
f 437/468/519 425/604/519 426/605/519 438/594/519
f 438/594/520 426/605/520 427/606/520 439/595/520
f 439/595/521 427/606/521 428/607/521 440/596/521
f 440/596/522 428/607/522 429/608/522 441/597/522
f 441/597/523 429/608/523 419/609/523 431/43/523
f 418/598/524 406/610/524 408/611/524 420/599/524
f 420/599/525 408/611/525 409/612/525 421/600/525
f 421/600/526 409/612/526 410/613/526 422/601/526
f 422/601/527 410/613/527 411/614/527 423/602/527
f 423/602/528 411/614/528 412/615/528 424/603/528
f 424/603/529 412/615/529 413/616/529 425/604/529
f 425/604/530 413/616/530 414/617/530 426/605/530
f 426/605/531 414/617/531 415/618/531 427/606/531
f 427/606/532 415/618/532 416/619/532 428/607/532
f 428/607/533 416/619/533 417/620/533 429/608/533
f 429/608/534 417/620/534 407/621/534 419/609/534
f 406/610/535 382/622/535 384/623/535 408/611/535
f 408/611/536 384/623/536 385/624/536 409/612/536
f 409/612/537 385/624/537 386/625/537 410/613/537
f 410/613/538 386/625/538 387/626/538 411/614/538
f 411/614/539 387/626/539 388/627/539 412/615/539
f 412/615/540 388/627/540 389/628/540 413/616/540
f 413/616/541 389/628/541 390/629/541 414/617/541
f 414/617/542 390/629/542 391/630/542 415/618/542
f 415/618/543 391/630/543 392/631/543 416/619/543
f 416/619/544 392/631/544 393/632/544 417/620/544
f 417/620/545 393/632/545 383/633/545 407/621/545
f 238/237/546 106/501/546 108/502/546 240/238/546
f 240/238/547 108/502/547 109/503/547 241/240/547
f 241/240/548 109/503/548 110/504/548 242/242/548
f 242/242/549 110/504/549 111/505/549 243/244/549
f 243/244/550 111/505/550 112/506/550 244/246/550
f 244/246/551 112/506/551 113/507/551 245/248/551
f 245/251/552 113/508/552 114/509/552 246/252/552
f 246/252/553 114/509/553 115/510/553 247/254/553
f 247/254/554 115/510/554 116/511/554 248/256/554
f 248/256/555 116/511/555 117/512/555 249/258/555
f 249/258/556 117/512/556 107/513/556 239/260/556
f 94/387/557 394/514/557 396/517/557 96/388/557
f 96/388/558 396/517/558 397/519/558 97/390/558
f 97/390/559 397/519/559 398/521/559 98/392/559
f 98/392/560 398/521/560 399/523/560 99/394/560
f 99/394/561 399/523/561 400/525/561 100/396/561
f 100/396/562 400/525/562 401/527/562 101/398/562
f 101/13/563 401/13/563 402/428/563 102/400/563
f 102/400/564 402/428/564 403/403/564 103/402/564
f 103/402/565 403/403/565 404/404/565 104/13/565
f 104/13/566 404/404/566 405/403/566 105/13/566
f 105/13/567 405/403/567 395/34/567 95/13/567
f 526/225/568 250/376/568 252/377/568 528/226/568
f 528/226/569 252/377/569 253/378/569 529/227/569
f 529/227/570 253/378/570 254/379/570 530/228/570
f 530/228/571 254/379/571 255/380/571 531/229/571
f 531/229/572 255/380/572 256/381/572 532/230/572
f 532/230/573 256/381/573 257/382/573 533/231/573
f 533/231/574 257/382/574 258/383/574 534/232/574
f 534/232/575 258/383/575 259/233/575 535/233/575
f 535/233/576 259/233/576 260/384/576 536/234/576
f 536/234/577 260/384/577 261/385/577 537/235/577
f 537/235/578 261/385/578 251/3/578 527/3/578
f 382/622/579 538/95/579 540/98/579 384/623/579
f 384/623/580 540/98/580 541/100/580 385/624/580
f 385/624/581 541/100/581 542/102/581 386/625/581
f 386/625/582 542/102/582 543/104/582 387/626/582
f 387/626/583 543/104/583 544/106/583 388/627/583
f 388/627/584 544/106/584 545/108/584 389/628/584
f 389/628/585 545/108/585 546/110/585 390/629/585
f 390/629/586 546/110/586 547/112/586 391/630/586
f 391/630/587 547/112/587 548/114/587 392/631/587
f 392/631/588 548/114/588 549/116/588 393/632/588
f 393/632/589 549/116/589 539/117/589 383/633/589
f 526/225/590 550/213/590 562/201/590 574/189/590 586/177/590 598/165/590 610/153/590 622/141/590 634/130/590 646/118/590 658/96/590 538/95/590 382/622/590 406/610/590 418/598/590 430/588/590 442/576/590 454/559/590 466/552/590 478/545/590 490/538/590 502/531/590 514/515/590 394/514/590 94/387/590 118/386/590 130/405/590 142/414/590 154/421/590 166/429/590 178/437/590 190/444/590 202/462/590 214/475/590 226/488/590 106/501/590 238/237/590 262/236/590 274/262/590 286/275/590 298/288/590 310/301/590 322/313/590 334/330/590 346/341/590 358/353/590 370/365/590 250/376/590
f 95/13/591 18/33/591 29/32/591 119/403/591
f 43/33/592 18/33/592 95/13/592 395/34/592
f 227/500/593 20/634/593 17/81/593 107/513/593
f 17/81/7 31/80/7 239/260/7 107/513/7
f 119/403/594 29/32/594 28/32/594 131/413/594
f 131/413/595 28/32/595 27/13/595 143/13/595
f 143/13/596 27/13/596 26/34/596 155/13/596
f 155/13/597 26/34/597 25/402/597 167/436/597
f 167/436/598 25/402/598 24/13/598 179/402/598
f 179/19/599 24/19/599 23/635/599 191/461/599
f 191/461/600 23/635/600 22/636/600 203/474/600
f 203/474/601 22/636/601 21/637/601 215/487/601
f 215/487/602 21/637/602 20/634/602 227/500/602
f 239/260/603 31/80/603 42/638/603 263/261/603
f 371/375/604 33/639/604 30/35/604 251/3/604
f 30/35/605 57/35/605 527/3/605 251/3/605
f 263/261/606 42/638/606 41/640/606 275/274/606
f 275/274/607 41/640/607 40/641/607 287/287/607
f 287/287/608 40/641/608 39/642/608 299/300/608
f 299/300/609 39/642/609 38/18/609 311/18/609
f 311/328/610 38/3/610 37/643/610 323/329/610
f 323/329/611 37/643/611 36/644/611 335/188/611
f 335/188/612 36/644/612 35/3/612 347/352/612
f 347/352/613 35/3/613 34/639/613 359/364/613
f 359/364/614 34/639/614 33/639/614 371/375/614
f 55/645/615 407/621/615 383/633/615 44/83/615
f 56/58/616 752/94/616 751/93/616 750/92/616 749/91/616 748/90/616 722/89/616 782/88/616 781/87/616 780/86/616 779/85/616 778/84/616 44/83/616 383/633/616 539/117/616
f 43/33/617 395/34/617 515/530/617 46/32/617
f 54/646/618 419/609/618 407/621/618 55/645/618
f 53/647/619 431/43/619 419/609/619 54/646/619
f 52/648/620 443/587/620 431/43/620 53/647/620
f 51/649/621 455/574/621 443/587/621 52/648/621
f 50/2/622 467/575/622 455/574/622 51/649/622
f 49/34/623 479/32/623 467/33/623 50/13/623
f 48/13/624 491/13/624 479/32/624 49/34/624
f 47/32/625 503/529/625 491/13/625 48/13/625
f 46/32/626 515/530/626 503/529/626 47/32/626
f 68/639/627 551/224/627 527/3/627 57/35/627
f 56/58/628 539/117/628 659/59/628 59/650/628
f 67/639/629 563/212/629 551/224/629 68/639/629
f 66/3/630 575/200/630 563/212/630 67/639/630
f 65/644/631 587/188/631 575/200/631 66/3/631
f 64/643/632 599/176/632 587/188/632 65/644/632
f 63/74/633 611/164/633 599/176/633 64/643/633
f 62/651/634 623/152/634 611/164/634 63/74/634
f 61/72/635 635/72/635 623/152/635 62/651/635
f 60/652/636 647/129/636 635/72/636 61/72/636
f 59/650/637 659/59/637 647/129/637 60/652/637
f 692/1/638 697/4/638 685/4/638 686/1/638
f 704/15/639 693/16/639 688/16/639 687/15/639
f 697/4/640 704/5/640 687/5/640 685/4/640
f 688/11/592 686/14/592 708/14/592 707/11/592
f 4/3/7 93/6/7 712/6/7 709/3/7
f 5/10/641 6/9/641 680/12/641 679/11/641
f 693/11/642 692/14/642 686/14/642 688/11/642
f 11/7/7 681/17/7 682/20/7 12/9/7
f 15/13/8 684/12/8 682/12/8 9/13/8
f 13/7/9 683/6/9 681/6/9 11/7/9
f 8/7/643 93/6/643 683/6/643 13/7/643
f 2/13/644 680/12/644 684/12/644 15/13/644
f 77/653/616 76/654/616 75/655/616 74/656/616 73/657/616 72/658/616 71/659/616 70/660/616 69/661/616 670/662/616 671/663/616 672/664/616 673/665/616 674/666/616 675/667/616 676/668/616 677/669/616 678/670/616 91/671/616 90/672/616 89/673/616 88/674/616 87/675/616 86/676/616 85/677/616 84/678/616 83/679/616 82/680/616 81/681/616 80/682/616 79/683/616 78/684/616
f 679/11/645 1/14/645 689/14/645 696/11/645
f 696/11/646 689/14/646 690/14/646 695/11/646
f 695/11/647 690/14/647 691/14/647 694/11/647
f 694/11/648 691/14/648 692/14/648 693/11/648
f 3/4/649 92/5/649 701/5/649 700/685/649
f 700/685/650 701/5/650 702/5/650 699/685/650
f 699/685/651 702/5/651 703/5/651 698/4/651
f 698/4/652 703/5/652 704/5/652 697/4/652
f 92/15/653 679/16/653 696/16/653 701/15/653
f 701/15/654 696/16/654 695/16/654 702/15/654
f 702/15/655 695/16/655 694/16/655 703/15/655
f 703/15/656 694/16/656 693/16/656 704/15/656
f 1/1/657 3/4/657 700/685/657 689/1/657
f 689/1/658 700/685/658 699/685/658 690/1/658
f 690/1/659 699/685/659 698/4/659 691/1/659
f 691/1/660 698/4/660 697/4/660 692/1/660
f 706/686/616 705/15/616 707/16/616 708/687/616
f 687/15/661 688/16/661 707/16/661 705/15/661
f 685/4/605 687/5/605 705/5/605 706/4/605
f 686/1/590 685/4/590 706/4/590 708/1/590
f 712/6/662 711/5/662 715/5/662 716/6/662
f 3/4/7 4/3/7 709/3/7 710/4/7
f 93/6/7 92/5/7 711/5/7 712/6/7
f 92/5/7 3/4/7 710/4/7 711/5/7
f 716/6/663 715/5/663 849/5/663 850/6/663
f 710/4/7 709/3/7 713/3/7 714/4/7
f 709/3/664 712/6/664 716/6/664 713/3/664
f 711/5/665 710/4/665 714/4/665 715/5/665
f 826/688/666 828/689/666 827/690/666 825/691/666
f 824/692/667 826/688/667 825/691/667 823/693/667
f 822/694/668 824/692/668 823/693/668 821/695/668
f 820/696/669 822/694/669 821/695/669 819/697/669
f 804/698/670 806/699/670 805/700/670 803/701/670
f 806/699/671 808/702/671 807/703/671 805/700/671
f 808/702/672 810/704/672 809/705/672 807/703/672
f 794/706/673 796/707/673 795/708/673 793/709/673
f 796/707/674 798/710/674 797/711/674 795/708/674
f 798/710/675 800/712/675 799/713/675 797/711/675
f 800/712/676 802/714/676 801/715/676 799/713/676
f 792/716/677 794/706/677 793/709/677 791/717/677
f 818/718/678 820/696/678 819/697/678 817/719/678
f 816/720/679 818/718/679 817/719/679 815/721/679
f 814/722/680 816/720/680 815/721/680 813/723/680
f 812/724/681 814/722/681 813/723/681 811/725/681
f 810/704/682 812/724/682 811/725/682 809/705/682
f 802/714/683 804/698/683 803/701/683 801/715/683
f 790/726/684 792/716/684 791/717/684 789/727/684
f 788/728/685 790/726/685 789/727/685 787/729/685
f 786/730/686 788/728/686 787/729/686 785/731/686
f 784/732/687 786/730/687 785/731/687 783/733/687
f 830/734/688 784/732/688 783/733/688 829/735/688
f 832/736/689 830/734/689 829/735/689 831/737/689
f 834/738/690 832/736/690 831/737/690 833/739/690
f 836/740/691 834/738/691 833/739/691 835/741/691
f 838/742/692 836/740/692 835/741/692 837/743/692
f 840/744/693 838/742/693 837/743/693 839/745/693
f 842/746/694 840/744/694 839/745/694 841/747/694
f 844/748/695 842/746/695 841/747/695 843/749/695
f 846/750/696 844/748/696 843/749/696 845/751/696
f 828/689/697 846/750/697 845/751/697 827/690/697
f 799/713/7 801/715/7 803/701/7 805/700/7 807/703/7 809/705/7 811/725/7 813/723/7 815/721/7 817/719/7 819/697/7 821/695/7 823/693/7 825/691/7 827/690/7 845/751/7 843/749/7 841/747/7 839/745/7 837/743/7 835/741/7 833/739/7 831/737/7 829/735/7 783/733/7 785/731/7 787/729/7 789/727/7 791/717/7 793/709/7 795/708/7 797/711/7
f 70/752/698 786/753/698 784/754/698 69/755/698
f 69/755/699 784/754/699 830/756/699 670/757/699
f 71/8/700 788/758/700 786/753/700 70/752/700
f 72/759/701 790/760/701 788/758/701 71/8/701
f 73/761/702 792/762/702 790/760/702 72/759/702
f 74/763/703 794/764/703 792/762/703 73/761/703
f 75/765/704 796/766/704 794/764/704 74/763/704
f 76/767/705 798/768/705 796/769/705 75/770/705
f 77/771/706 800/772/706 798/773/706 76/774/706
f 78/770/707 802/769/707 800/775/707 77/7/707
f 79/774/708 804/773/708 802/776/708 78/777/708
f 80/7/709 806/775/709 804/778/709 79/779/709
f 81/777/710 808/776/710 806/780/710 80/781/710
f 82/779/711 810/778/711 808/782/711 81/783/711
f 83/781/712 812/780/712 810/784/712 82/18/712
f 84/783/713 814/782/713 812/785/713 83/786/713
f 85/18/714 816/784/714 814/787/714 84/788/714
f 86/786/715 818/785/715 816/766/715 85/765/715
f 87/788/716 820/787/716 818/789/716 86/790/716
f 88/790/717 822/789/717 820/791/717 87/792/717
f 89/792/718 824/791/718 822/793/718 88/17/718
f 90/17/719 826/793/719 824/794/719 89/795/719
f 91/795/720 828/794/720 826/768/720 90/767/720
f 678/796/721 846/797/721 828/798/721 91/799/721
f 670/757/722 830/756/722 832/800/722 671/15/722
f 671/15/723 832/800/723 834/801/723 672/802/723
f 672/802/724 834/801/724 836/803/724 673/804/724
f 673/804/725 836/803/725 838/805/725 674/806/725
f 674/806/726 838/805/726 840/807/726 675/686/726
f 675/686/727 840/807/727 842/808/727 676/809/727
f 676/809/728 842/808/728 844/810/728 677/811/728
f 677/811/729 844/810/729 846/797/729 678/796/729
f 848/4/730 847/3/730 850/6/730 849/5/730
f 714/4/731 713/3/731 847/3/731 848/4/731
f 713/3/732 716/6/732 850/6/732 847/3/732
f 715/5/733 714/4/733 848/4/733 849/5/733
f 851/1/734 853/4/734 854/3/734 852/2/734
f 940/5/735 857/8/735 858/7/735 941/6/735
f 857/8/736 855/10/736 856/9/736 858/7/736
f 1527/11/737 851/14/737 852/13/737 1528/12/737
f 940/15/738 1527/16/738 855/10/738 857/8/738
f 864/9/739 862/9/739 861/7/739 863/7/739
f 681/17/7 682/20/7 859/19/7 860/18/7
f 1530/12/8 682/12/8 862/9/8 864/9/8
f 1529/6/9 681/6/9 860/3/9 866/3/9
f 941/6/740 1529/6/740 866/3/740 854/3/740
f 1528/12/741 1530/12/741 864/9/741 856/9/741
f 854/3/742 866/3/742 1573/31/742 1572/30/742 1571/29/742 1570/28/742 1569/27/742 1563/26/742 1603/25/742 1602/24/742 1601/23/742 1600/22/742 1599/21/742 865/2/742 852/2/742
f 856/9/743 864/9/743 863/7/743 858/7/743
f 867/13/744 869/33/744 870/32/744
f 870/32/745 869/13/745 871/13/745
f 871/13/746 869/13/746 872/13/746
f 872/13/747 869/13/747 873/34/747
f 873/34/748 869/13/748 874/13/748
f 874/13/749 869/13/749 875/13/749
f 875/13/750 869/13/750 876/13/750
f 876/13/751 869/13/751 877/13/751
f 877/13/752 869/13/752 878/13/752
f 878/13/753 869/13/753 879/13/753
f 879/13/754 869/13/754 868/13/754
f 880/35/755 882/35/755 883/3/755
f 883/3/756 882/3/756 884/3/756
f 884/3/757 882/3/757 885/3/757
f 885/3/758 882/3/758 886/3/758
f 886/3/759 882/3/759 887/3/759
f 887/3/760 882/3/760 888/3/760
f 888/3/761 882/3/761 889/3/761
f 889/3/762 882/3/762 890/3/762
f 890/3/763 882/3/763 891/3/763
f 891/3/764 882/3/764 892/3/764
f 892/3/765 882/3/765 881/3/765
f 893/2/766 895/2/766 896/36/766
f 896/36/767 895/2/767 897/37/767
f 897/37/768 895/2/768 898/38/768
f 898/38/769 895/2/769 899/39/769
f 899/39/770 895/2/770 900/40/770
f 900/40/771 895/2/771 901/41/771
f 901/41/772 895/2/772 902/42/772
f 902/42/773 895/2/773 903/43/773
f 903/43/774 895/2/774 904/44/774
f 904/44/775 895/2/775 905/45/775
f 905/45/776 895/2/776 1578/57/776 1577/56/776 1576/55/776 1575/54/776 1574/53/776 1564/52/776 1608/51/776 1607/50/776 1606/49/776 1605/48/776 1604/47/776 894/46/776
f 906/58/777 1583/70/777 1582/69/777 1581/68/777 1580/67/777 1579/66/777 1565/65/777 1613/64/777 1612/63/777 1611/62/777 1610/61/777 1609/60/777 908/3/777 909/59/777
f 909/59/778 908/3/778 910/71/778
f 910/71/779 908/3/779 911/72/779
f 911/72/780 908/3/780 912/73/780
f 912/73/781 908/3/781 913/74/781
f 913/74/782 908/3/782 914/75/782
f 914/75/783 908/3/783 915/76/783
f 915/76/784 908/3/784 916/77/784
f 916/77/785 908/3/785 917/78/785
f 917/78/786 908/3/786 918/79/786
f 918/79/787 908/3/787 907/3/787
f 865/13/788 1588/13/788 1587/13/788 1586/13/788 1585/13/788 1584/13/788 1566/13/788 1618/13/788 1617/13/788 1616/13/788 1615/13/788 1614/13/788 895/13/788 893/33/788 868/33/788 869/33/788 859/13/788
f 859/19/789 869/19/789 867/81/789 881/80/789 882/18/789 860/18/789
f 860/3/790 882/35/790 880/35/790 907/35/790 908/3/790 1593/3/790 1592/3/790 1591/3/790 1590/3/790 1589/3/790 1567/3/790 1623/3/790 1622/3/790 1621/3/790 1620/3/790 1619/3/790 866/3/790
f 866/3/791 1619/3/791 1620/3/791 1621/3/791 1622/3/791 1623/3/791 1567/3/791 1589/3/791 1590/3/791 1591/3/791 1592/3/791 1593/3/791 908/3/791 1609/60/791 1610/61/791 1611/62/791 1612/63/791 1613/64/791 1565/65/791 1579/66/791 1580/67/791 1581/68/791 1582/69/791 1583/70/791 906/58/791 1598/94/791 1597/93/791 1596/92/791 1595/91/791 1594/90/791 1568/89/791 1628/88/791 1627/87/791 1626/86/791 1625/85/791 1624/84/791 894/83/791 1604/82/791 1605/48/791 1606/49/791 1607/50/791 1608/51/791 1564/52/791 1574/53/791 1575/54/791 1576/55/791 1577/56/791 1578/57/791 895/2/791 1614/2/791 1615/2/791 1616/2/791 1617/2/791 1618/2/791 1566/2/791 1584/2/791 1585/2/791 1586/2/791 1587/2/791 1588/2/791 865/2/791 1599/21/791 1600/22/791 1601/23/791 1602/24/791 1603/25/791 1563/26/791 1569/27/791 1570/28/791 1571/29/791 1572/30/791 1573/31/791
f 1386/95/792 1388/98/792 1508/97/792 1506/96/792
f 1388/98/793 1389/100/793 1509/99/793 1508/97/793
f 1389/100/794 1390/102/794 1510/101/794 1509/99/794
f 1390/102/795 1391/104/795 1511/103/795 1510/101/795
f 1391/104/796 1392/106/796 1512/105/796 1511/103/796
f 1392/106/797 1393/108/797 1513/107/797 1512/105/797
f 1393/108/798 1394/110/798 1514/109/798 1513/107/798
f 1394/110/799 1395/112/799 1515/111/799 1514/109/799
f 1395/112/800 1396/114/800 1516/113/800 1515/111/800
f 1396/114/801 1397/116/801 1517/115/801 1516/113/801
f 1397/116/802 1387/117/802 1507/59/802 1517/115/802
f 1506/96/803 1508/97/803 1496/119/803 1494/118/803
f 1508/97/804 1509/99/804 1497/120/804 1496/119/804
f 1509/99/805 1510/101/805 1498/121/805 1497/120/805
f 1510/101/806 1511/103/806 1499/122/806 1498/121/806
f 1511/103/807 1512/105/807 1500/123/807 1499/122/807
f 1512/105/808 1513/107/808 1501/124/808 1500/123/808
f 1513/107/809 1514/109/809 1502/125/809 1501/124/809
f 1514/109/810 1515/111/810 1503/126/810 1502/125/810
f 1515/111/811 1516/113/811 1504/127/811 1503/126/811
f 1516/113/812 1517/115/812 1505/128/812 1504/127/812
f 1517/115/813 1507/59/813 1495/129/813 1505/128/813
f 1494/118/814 1496/119/814 1484/131/814 1482/130/814
f 1496/119/815 1497/120/815 1485/132/815 1484/131/815
f 1497/120/816 1498/121/816 1486/133/816 1485/132/816
f 1498/121/817 1499/122/817 1487/134/817 1486/133/817
f 1499/122/818 1500/123/818 1488/135/818 1487/134/818
f 1500/123/819 1501/124/819 1489/136/819 1488/135/819
f 1501/124/820 1502/125/820 1490/137/820 1489/136/820
f 1502/125/821 1503/126/821 1491/138/821 1490/137/821
f 1503/126/822 1504/127/822 1492/139/822 1491/138/822
f 1504/127/823 1505/128/823 1493/140/823 1492/139/823
f 1505/128/824 1495/129/824 1483/72/824 1493/140/824
f 1482/130/825 1484/131/825 1472/142/825 1470/141/825
f 1484/131/826 1485/132/826 1473/143/826 1472/142/826
f 1485/132/827 1486/133/827 1474/144/827 1473/143/827
f 1486/133/828 1487/134/828 1475/145/828 1474/144/828
f 1487/134/829 1488/135/829 1476/146/829 1475/145/829
f 1488/135/830 1489/136/830 1477/147/830 1476/146/830
f 1489/136/831 1490/137/831 1478/148/831 1477/147/831
f 1490/137/832 1491/138/832 1479/149/832 1478/148/832
f 1491/138/833 1492/139/833 1480/150/833 1479/149/833
f 1492/139/834 1493/140/834 1481/151/834 1480/150/834
f 1493/140/835 1483/72/835 1471/152/835 1481/151/835
f 1470/141/836 1472/142/836 1460/154/836 1458/153/836
f 1472/142/837 1473/143/837 1461/155/837 1460/154/837
f 1473/143/838 1474/144/838 1462/156/838 1461/155/838
f 1474/144/839 1475/145/839 1463/157/839 1462/156/839
f 1475/145/840 1476/146/840 1464/158/840 1463/157/840
f 1476/146/841 1477/147/841 1465/159/841 1464/158/841
f 1477/147/842 1478/148/842 1466/160/842 1465/159/842
f 1478/148/843 1479/149/843 1467/161/843 1466/160/843
f 1479/149/844 1480/150/844 1468/162/844 1467/161/844
f 1480/150/845 1481/151/845 1469/163/845 1468/162/845
f 1481/151/846 1471/152/846 1459/164/846 1469/163/846
f 1458/153/847 1460/154/847 1448/166/847 1446/165/847
f 1460/154/848 1461/155/848 1449/167/848 1448/166/848
f 1461/155/849 1462/156/849 1450/168/849 1449/167/849
f 1462/156/850 1463/157/850 1451/169/850 1450/168/850
f 1463/157/851 1464/158/851 1452/170/851 1451/169/851
f 1464/158/852 1465/159/852 1453/171/852 1452/170/852
f 1465/159/853 1466/160/853 1454/172/853 1453/171/853
f 1466/160/854 1467/161/854 1455/173/854 1454/172/854
f 1467/161/855 1468/162/855 1456/174/855 1455/173/855
f 1468/162/856 1469/163/856 1457/175/856 1456/174/856
f 1469/163/857 1459/164/857 1447/176/857 1457/175/857
f 1446/165/858 1448/166/858 1436/178/858 1434/177/858
f 1448/166/859 1449/167/859 1437/179/859 1436/178/859
f 1449/167/860 1450/168/860 1438/180/860 1437/179/860
f 1450/168/861 1451/169/861 1439/181/861 1438/180/861
f 1451/169/862 1452/170/862 1440/182/862 1439/181/862
f 1452/170/863 1453/171/863 1441/183/863 1440/182/863
f 1453/171/864 1454/172/864 1442/184/864 1441/183/864
f 1454/172/865 1455/173/865 1443/185/865 1442/184/865
f 1455/173/866 1456/174/866 1444/186/866 1443/185/866
f 1456/174/867 1457/175/867 1445/187/867 1444/186/867
f 1457/175/868 1447/176/868 1435/188/868 1445/187/868
f 1434/177/869 1436/178/869 1424/190/869 1422/189/869
f 1436/178/870 1437/179/870 1425/191/870 1424/190/870
f 1437/179/871 1438/180/871 1426/192/871 1425/191/871
f 1438/180/872 1439/181/872 1427/193/872 1426/192/872
f 1439/181/873 1440/182/873 1428/194/873 1427/193/873
f 1440/182/874 1441/183/874 1429/195/874 1428/194/874
f 1441/183/875 1442/184/875 1430/196/875 1429/195/875
f 1442/184/876 1443/185/876 1431/197/876 1430/196/876
f 1443/185/877 1444/186/877 1432/198/877 1431/197/877
f 1444/186/878 1445/187/878 1433/199/878 1432/198/878
f 1445/187/879 1435/188/879 1423/200/879 1433/199/879
f 1422/189/880 1424/190/880 1412/202/880 1410/201/880
f 1424/190/881 1425/191/881 1413/203/881 1412/202/881
f 1425/191/882 1426/192/882 1414/204/882 1413/203/882
f 1426/192/883 1427/193/883 1415/205/883 1414/204/883
f 1427/193/884 1428/194/884 1416/206/884 1415/205/884
f 1428/194/885 1429/195/885 1417/207/885 1416/206/885
f 1429/195/886 1430/196/886 1418/208/886 1417/207/886
f 1430/196/887 1431/197/887 1419/209/887 1418/208/887
f 1431/197/888 1432/198/888 1420/210/888 1419/209/888
f 1432/198/889 1433/199/889 1421/211/889 1420/210/889
f 1433/199/890 1423/200/890 1411/212/890 1421/211/890
f 1410/201/891 1412/202/891 1400/214/891 1398/213/891
f 1412/202/892 1413/203/892 1401/215/892 1400/214/892
f 1413/203/893 1414/204/893 1402/216/893 1401/215/893
f 1414/204/894 1415/205/894 1403/217/894 1402/216/894
f 1415/205/895 1416/206/895 1404/218/895 1403/217/895
f 1416/206/896 1417/207/896 1405/219/896 1404/218/896
f 1417/207/897 1418/208/897 1406/220/897 1405/219/897
f 1418/208/898 1419/209/898 1407/221/898 1406/220/898
f 1419/209/899 1420/210/899 1408/222/899 1407/221/899
f 1420/210/900 1421/211/900 1409/223/900 1408/222/900
f 1421/211/901 1411/212/901 1399/224/901 1409/223/901
f 1398/213/902 1400/214/902 1376/226/902 1374/225/902
f 1400/214/903 1401/215/903 1377/227/903 1376/226/903
f 1401/215/904 1402/216/904 1378/228/904 1377/227/904
f 1402/216/905 1403/217/905 1379/229/905 1378/228/905
f 1403/217/906 1404/218/906 1380/230/906 1379/229/906
f 1404/218/907 1405/219/907 1381/231/907 1380/230/907
f 1405/219/908 1406/220/908 1382/232/908 1381/231/908
f 1406/220/909 1407/221/909 1383/233/909 1382/232/909
f 1407/221/910 1408/222/910 1384/234/910 1383/233/910
f 1408/222/911 1409/223/911 1385/235/911 1384/234/911
f 1409/223/912 1399/224/912 1375/3/912 1385/235/912
f 1110/236/913 1112/239/913 1088/238/913 1086/237/913
f 1112/239/914 1113/241/914 1089/240/914 1088/238/914
f 1113/241/915 1114/243/915 1090/242/915 1089/240/915
f 1114/243/916 1115/245/916 1091/244/916 1090/242/916
f 1115/245/917 1116/247/917 1092/246/917 1091/244/917
f 1116/247/918 1117/249/918 1093/248/918 1092/246/918
f 1117/250/919 1118/253/919 1094/252/919 1093/251/919
f 1118/253/920 1119/255/920 1095/254/920 1094/252/920
f 1119/255/921 1120/257/921 1096/256/921 1095/254/921
f 1120/257/922 1121/259/922 1097/258/922 1096/256/922
f 1121/259/923 1111/261/923 1087/260/923 1097/258/923
f 1122/262/924 1124/263/924 1112/239/924 1110/236/924
f 1124/263/925 1125/264/925 1113/241/925 1112/239/925
f 1125/264/926 1126/265/926 1114/243/926 1113/241/926
f 1126/265/927 1127/266/927 1115/245/927 1114/243/927
f 1127/266/928 1128/267/928 1116/247/928 1115/245/928
f 1128/267/929 1129/268/929 1117/249/929 1116/247/929
f 1129/269/930 1130/270/930 1118/253/930 1117/250/930
f 1130/270/931 1131/271/931 1119/255/931 1118/253/931
f 1131/271/932 1132/272/932 1120/257/932 1119/255/932
f 1132/272/933 1133/273/933 1121/259/933 1120/257/933
f 1133/273/934 1123/274/934 1111/261/934 1121/259/934
f 1134/275/935 1136/276/935 1124/263/935 1122/262/935
f 1136/276/936 1137/277/936 1125/264/936 1124/263/936
f 1137/277/937 1138/278/937 1126/265/937 1125/264/937
f 1138/278/938 1139/279/938 1127/266/938 1126/265/938
f 1139/279/939 1140/280/939 1128/267/939 1127/266/939
f 1140/280/940 1141/281/940 1129/268/940 1128/267/940
f 1141/282/941 1142/283/941 1130/270/941 1129/269/941
f 1142/283/942 1143/284/942 1131/271/942 1130/270/942
f 1143/284/943 1144/285/943 1132/272/943 1131/271/943
f 1144/285/944 1145/286/944 1133/273/944 1132/272/944
f 1145/286/945 1135/287/945 1123/274/945 1133/273/945
f 1146/288/946 1148/289/946 1136/276/946 1134/275/946
f 1148/289/947 1149/290/947 1137/277/947 1136/276/947
f 1149/290/948 1150/291/948 1138/278/948 1137/277/948
f 1150/291/949 1151/292/949 1139/279/949 1138/278/949
f 1151/292/950 1152/293/950 1140/280/950 1139/279/950
f 1152/293/951 1153/294/951 1141/281/951 1140/280/951
f 1153/295/952 1154/296/952 1142/283/952 1141/282/952
f 1154/296/953 1155/297/953 1143/284/953 1142/283/953
f 1155/297/954 1156/298/954 1144/285/954 1143/284/954
f 1156/298/955 1157/299/955 1145/286/955 1144/285/955
f 1157/299/956 1147/300/956 1135/287/956 1145/286/956
f 1158/301/957 1160/302/957 1148/289/957 1146/288/957
f 1160/302/958 1161/303/958 1149/290/958 1148/289/958
f 1161/303/959 1162/304/959 1150/291/959 1149/290/959
f 1162/304/960 1163/305/960 1151/292/960 1150/291/960
f 1163/305/961 1164/306/961 1152/293/961 1151/292/961
f 1164/306/962 1165/307/962 1153/294/962 1152/293/962
f 1165/308/963 1166/309/963 1154/296/963 1153/295/963
f 1166/309/964 1167/310/964 1155/297/964 1154/296/964
f 1167/310/965 1168/311/965 1156/298/965 1155/297/965
f 1168/311/966 1169/312/966 1157/299/966 1156/298/966
f 1169/312/967 1159/18/967 1147/300/967 1157/299/967
f 1170/313/968 1172/314/968 1160/302/968 1158/301/968
f 1172/314/969 1173/315/969 1161/303/969 1160/302/969
f 1173/315/970 1174/316/970 1162/304/970 1161/303/970
f 1174/316/971 1175/317/971 1163/305/971 1162/304/971
f 1175/317/972 1176/318/972 1164/306/972 1163/305/972
f 1176/318/973 1177/319/973 1165/307/973 1164/306/973
f 1177/319/974 1178/321/974 1166/320/974 1165/307/974
f 1178/321/975 1179/323/975 1167/322/975 1166/320/975
f 1179/323/976 1180/325/976 1168/324/976 1167/322/976
f 1180/325/977 1181/327/977 1169/326/977 1168/324/977
f 1181/327/978 1171/329/978 1159/328/978 1169/326/978
f 1182/330/979 1184/331/979 1172/314/979 1170/313/979
f 1184/331/980 1185/332/980 1173/315/980 1172/314/980
f 1185/332/981 1186/333/981 1174/316/981 1173/315/981
f 1186/333/982 1187/334/982 1175/317/982 1174/316/982
f 1187/334/983 1188/335/983 1176/318/983 1175/317/983
f 1188/335/984 1189/336/984 1177/319/984 1176/318/984
f 1189/336/985 1190/337/985 1178/321/985 1177/319/985
f 1190/337/986 1191/338/986 1179/323/986 1178/321/986
f 1191/338/987 1192/339/987 1180/325/987 1179/323/987
f 1192/339/988 1193/340/988 1181/327/988 1180/325/988
f 1193/340/989 1183/188/989 1171/329/989 1181/327/989
f 1194/341/990 1196/342/990 1184/331/990 1182/330/990
f 1196/342/991 1197/343/991 1185/332/991 1184/331/991
f 1197/343/992 1198/344/992 1186/333/992 1185/332/992
f 1198/344/993 1199/345/993 1187/334/993 1186/333/993
f 1199/345/994 1200/346/994 1188/335/994 1187/334/994
f 1200/346/995 1201/347/995 1189/336/995 1188/335/995
f 1201/347/996 1202/348/996 1190/337/996 1189/336/996
f 1202/348/997 1203/349/997 1191/338/997 1190/337/997
f 1203/349/998 1204/350/998 1192/339/998 1191/338/998
f 1204/350/999 1205/351/999 1193/340/999 1192/339/999
f 1205/351/1000 1195/352/1000 1183/188/1000 1193/340/1000
f 1206/353/1001 1208/354/1001 1196/342/1001 1194/341/1001
f 1208/354/1002 1209/355/1002 1197/343/1002 1196/342/1002
f 1209/355/1003 1210/356/1003 1198/344/1003 1197/343/1003
f 1210/356/1004 1211/357/1004 1199/345/1004 1198/344/1004
f 1211/357/1005 1212/358/1005 1200/346/1005 1199/345/1005
f 1212/358/1006 1213/359/1006 1201/347/1006 1200/346/1006
f 1213/359/1007 1214/360/1007 1202/348/1007 1201/347/1007
f 1214/360/1008 1215/361/1008 1203/349/1008 1202/348/1008
f 1215/361/1009 1216/362/1009 1204/350/1009 1203/349/1009
f 1216/362/1010 1217/363/1010 1205/351/1010 1204/350/1010
f 1217/363/1011 1207/364/1011 1195/352/1011 1205/351/1011
f 1218/365/1012 1220/366/1012 1208/354/1012 1206/353/1012
f 1220/366/1013 1221/367/1013 1209/355/1013 1208/354/1013
f 1221/367/1014 1222/368/1014 1210/356/1014 1209/355/1014
f 1222/368/1015 1223/369/1015 1211/357/1015 1210/356/1015
f 1223/369/1016 1224/370/1016 1212/358/1016 1211/357/1016
f 1224/370/1017 1225/371/1017 1213/359/1017 1212/358/1017
f 1225/371/1018 1226/372/1018 1214/360/1018 1213/359/1018
f 1226/372/1019 1227/373/1019 1215/361/1019 1214/360/1019
f 1227/373/1020 1228/374/1020 1216/362/1020 1215/361/1020
f 1228/374/1021 1229/223/1021 1217/363/1021 1216/362/1021
f 1229/223/1022 1219/375/1022 1207/364/1022 1217/363/1022
f 1098/376/1023 1100/377/1023 1220/366/1023 1218/365/1023
f 1100/377/1024 1101/378/1024 1221/367/1024 1220/366/1024
f 1101/378/1025 1102/379/1025 1222/368/1025 1221/367/1025
f 1102/379/1026 1103/380/1026 1223/369/1026 1222/368/1026
f 1103/380/1027 1104/381/1027 1224/370/1027 1223/369/1027
f 1104/381/1028 1105/382/1028 1225/371/1028 1224/370/1028
f 1105/382/1029 1106/383/1029 1226/372/1029 1225/371/1029
f 1106/383/1030 1107/233/1030 1227/373/1030 1226/372/1030
f 1107/233/1031 1108/384/1031 1228/374/1031 1227/373/1031
f 1108/384/1032 1109/385/1032 1229/223/1032 1228/374/1032
f 1109/385/1033 1099/3/1033 1219/375/1033 1229/223/1033
f 966/386/1034 968/389/1034 944/388/1034 942/387/1034
f 968/389/1035 969/391/1035 945/390/1035 944/388/1035
f 969/391/1036 970/393/1036 946/392/1036 945/390/1036
f 970/393/1037 971/395/1037 947/394/1037 946/392/1037
f 971/395/1038 972/397/1038 948/396/1038 947/394/1038
f 972/397/1039 973/399/1039 949/398/1039 948/396/1039
f 973/34/1040 974/401/1040 950/400/1040 949/13/1040
f 974/401/1041 975/34/1041 951/402/1041 950/400/1041
f 975/34/1042 976/403/1042 952/13/1042 951/402/1042
f 976/403/1043 977/404/1043 953/13/1043 952/13/1043
f 977/404/1044 967/403/1044 943/13/1044 953/13/1044
f 978/405/1045 980/406/1045 968/389/1045 966/386/1045
f 980/406/1046 981/407/1046 969/391/1046 968/389/1046
f 981/407/1047 982/408/1047 970/393/1047 969/391/1047
f 982/408/1048 983/409/1048 971/395/1048 970/393/1048
f 983/409/1049 984/410/1049 972/397/1049 971/395/1049
f 984/410/1050 985/411/1050 973/399/1050 972/397/1050
f 985/403/1051 986/403/1051 974/401/1051 973/34/1051
f 986/403/1052 987/33/1052 975/34/1052 974/401/1052
f 987/33/1053 988/412/1053 976/403/1053 975/34/1053
f 988/412/1054 989/13/1054 977/404/1054 976/403/1054
f 989/13/1055 979/413/1055 967/403/1055 977/404/1055
f 990/414/1056 992/415/1056 980/406/1056 978/405/1056
f 992/415/1057 993/416/1057 981/407/1057 980/406/1057
f 993/416/1058 994/417/1058 982/408/1058 981/407/1058
f 994/417/1059 995/418/1059 983/409/1059 982/408/1059
f 995/418/1060 996/419/1060 984/410/1060 983/409/1060
f 996/419/1061 997/420/1061 985/411/1061 984/410/1061
f 997/13/1062 998/13/1062 986/403/1062 985/403/1062
f 998/13/1063 999/13/1063 987/33/1063 986/403/1063
f 999/13/1064 1000/13/1064 988/412/1064 987/33/1064
f 1000/13/1065 1001/13/1065 989/13/1065 988/412/1065
f 1001/13/1066 991/13/1066 979/413/1066 989/13/1066
f 1002/421/1067 1004/422/1067 992/415/1067 990/414/1067
f 1004/422/1068 1005/423/1068 993/416/1068 992/415/1068
f 1005/423/1069 1006/424/1069 994/417/1069 993/416/1069
f 1006/424/1070 1007/425/1070 995/418/1070 994/417/1070
f 1007/425/1071 1008/426/1071 996/419/1071 995/418/1071
f 1008/426/1072 1009/427/1072 997/420/1072 996/419/1072
f 1009/34/1073 1010/412/1073 998/13/1073 997/13/1073
f 1010/412/1074 1011/13/1074 999/13/1074 998/13/1074
f 1011/13/1075 1012/428/1075 1000/13/1075 999/13/1075
f 1012/428/1076 1013/13/1076 1001/13/1076 1000/13/1076
f 1013/13/1077 1003/13/1077 991/13/1077 1001/13/1077
f 1014/429/1078 1016/430/1078 1004/422/1078 1002/421/1078
f 1016/430/1079 1017/431/1079 1005/423/1079 1004/422/1079
f 1017/431/1080 1018/432/1080 1006/424/1080 1005/423/1080
f 1018/432/1081 1019/433/1081 1007/425/1081 1006/424/1081
f 1019/433/1082 1020/434/1082 1008/426/1082 1007/425/1082
f 1020/434/1083 1021/435/1083 1009/427/1083 1008/426/1083
f 1021/404/1084 1022/403/1084 1010/412/1084 1009/34/1084
f 1022/403/1085 1023/403/1085 1011/13/1085 1010/412/1085
f 1023/403/1086 1024/33/1086 1012/428/1086 1011/13/1086
f 1024/33/1087 1025/404/1087 1013/13/1087 1012/428/1087
f 1025/404/1088 1015/436/1088 1003/13/1088 1013/13/1088
f 1026/437/1089 1028/438/1089 1016/430/1089 1014/429/1089
f 1028/438/1090 1029/439/1090 1017/431/1090 1016/430/1090
f 1029/439/1091 1030/440/1091 1018/432/1091 1017/431/1091
f 1030/440/1092 1031/441/1092 1019/433/1092 1018/432/1092
f 1031/441/1093 1032/442/1093 1020/434/1093 1019/433/1093
f 1032/442/1094 1033/443/1094 1021/435/1094 1020/434/1094
f 1033/13/1095 1034/13/1095 1022/403/1095 1021/404/1095
f 1034/13/1096 1035/13/1096 1023/403/1096 1022/403/1096
f 1035/13/1097 1036/403/1097 1024/33/1097 1023/403/1097
f 1036/403/1098 1037/403/1098 1025/404/1098 1024/33/1098
f 1037/403/1099 1027/402/1099 1015/436/1099 1025/404/1099
f 1038/444/1100 1040/445/1100 1028/438/1100 1026/437/1100
f 1040/445/1101 1041/446/1101 1029/439/1101 1028/438/1101
f 1041/446/1102 1042/447/1102 1030/440/1102 1029/439/1102
f 1042/447/1103 1043/448/1103 1031/441/1103 1030/440/1103
f 1043/448/1104 1044/449/1104 1032/442/1104 1031/441/1104
f 1044/449/1105 1045/450/1105 1033/443/1105 1032/442/1105
f 1045/451/1106 1046/454/1106 1034/453/1106 1033/452/1106
f 1046/454/1107 1047/456/1107 1035/455/1107 1034/453/1107
f 1047/456/1108 1048/458/1108 1036/457/1108 1035/455/1108
f 1048/458/1109 1049/460/1109 1037/459/1109 1036/457/1109
f 1049/460/1110 1039/461/1110 1027/19/1110 1037/459/1110
f 1050/462/1111 1052/463/1111 1040/445/1111 1038/444/1111
f 1052/463/1112 1053/464/1112 1041/446/1112 1040/445/1112
f 1053/464/1113 1054/465/1113 1042/447/1113 1041/446/1113
f 1054/465/1114 1055/466/1114 1043/448/1114 1042/447/1114
f 1055/466/1115 1056/467/1115 1044/449/1115 1043/448/1115
f 1056/467/1116 1057/468/1116 1045/450/1116 1044/449/1116
f 1057/469/1117 1058/470/1117 1046/454/1117 1045/451/1117
f 1058/470/1118 1059/471/1118 1047/456/1118 1046/454/1118
f 1059/471/1119 1060/472/1119 1048/458/1119 1047/456/1119
f 1060/472/1120 1061/473/1120 1049/460/1120 1048/458/1120
f 1061/473/1121 1051/474/1121 1039/461/1121 1049/460/1121
f 1062/475/1122 1064/476/1122 1052/463/1122 1050/462/1122
f 1064/476/1123 1065/477/1123 1053/464/1123 1052/463/1123
f 1065/477/1124 1066/478/1124 1054/465/1124 1053/464/1124
f 1066/478/1125 1067/479/1125 1055/466/1125 1054/465/1125
f 1067/479/1126 1068/480/1126 1056/467/1126 1055/466/1126
f 1068/480/1127 1069/481/1127 1057/468/1127 1056/467/1127
f 1069/482/1128 1070/483/1128 1058/470/1128 1057/469/1128
f 1070/483/1129 1071/484/1129 1059/471/1129 1058/470/1129
f 1071/484/1130 1072/485/1130 1060/472/1130 1059/471/1130
f 1072/485/1131 1073/486/1131 1061/473/1131 1060/472/1131
f 1073/486/1132 1063/487/1132 1051/474/1132 1061/473/1132
f 1074/488/1133 1076/489/1133 1064/476/1133 1062/475/1133
f 1076/489/1134 1077/490/1134 1065/477/1134 1064/476/1134
f 1077/490/1135 1078/491/1135 1066/478/1135 1065/477/1135
f 1078/491/1136 1079/492/1136 1067/479/1136 1066/478/1136
f 1079/492/1137 1080/493/1137 1068/480/1137 1067/479/1137
f 1080/493/1138 1081/494/1138 1069/481/1138 1068/480/1138
f 1081/495/1139 1082/496/1139 1070/483/1139 1069/482/1139
f 1082/496/1140 1083/497/1140 1071/484/1140 1070/483/1140
f 1083/497/1141 1084/498/1141 1072/485/1141 1071/484/1141
f 1084/498/1142 1085/499/1142 1073/486/1142 1072/485/1142
f 1085/499/1143 1075/500/1143 1063/487/1143 1073/486/1143
f 954/501/1144 956/502/1144 1076/489/1144 1074/488/1144
f 956/502/1145 957/503/1145 1077/490/1145 1076/489/1145
f 957/503/1146 958/504/1146 1078/491/1146 1077/490/1146
f 958/504/1147 959/505/1147 1079/492/1147 1078/491/1147
f 959/505/1148 960/506/1148 1080/493/1148 1079/492/1148
f 960/506/1149 961/507/1149 1081/494/1149 1080/493/1149
f 961/508/1150 962/509/1150 1082/496/1150 1081/495/1150
f 962/509/1151 963/510/1151 1083/497/1151 1082/496/1151
f 963/510/1152 964/511/1152 1084/498/1152 1083/497/1152
f 964/511/1153 965/512/1153 1085/499/1153 1084/498/1153
f 965/512/1154 955/513/1154 1075/500/1154 1085/499/1154
f 1242/514/1155 1244/517/1155 1364/516/1155 1362/515/1155
f 1244/517/1156 1245/519/1156 1365/518/1156 1364/516/1156
f 1245/519/1157 1246/521/1157 1366/520/1157 1365/518/1157
f 1246/521/1158 1247/523/1158 1367/522/1158 1366/520/1158
f 1247/523/1159 1248/525/1159 1368/524/1159 1367/522/1159
f 1248/525/1160 1249/527/1160 1369/526/1160 1368/524/1160
f 1249/13/1161 1250/428/1161 1370/528/1161 1369/412/1161
f 1250/428/1162 1251/403/1162 1371/13/1162 1370/528/1162
f 1251/403/1163 1252/404/1163 1372/403/1163 1371/13/1163
f 1252/404/1164 1253/403/1164 1373/529/1164 1372/403/1164
f 1253/403/1165 1243/34/1165 1363/530/1165 1373/529/1165
f 1362/515/1166 1364/516/1166 1352/532/1166 1350/531/1166
f 1364/516/1167 1365/518/1167 1353/533/1167 1352/532/1167
f 1365/518/1168 1366/520/1168 1354/534/1168 1353/533/1168
f 1366/520/1169 1367/522/1169 1355/535/1169 1354/534/1169
f 1367/522/1170 1368/524/1170 1356/536/1170 1355/535/1170
f 1368/524/1171 1369/526/1171 1357/537/1171 1356/536/1171
f 1369/412/1172 1370/528/1172 1358/428/1172 1357/13/1172
f 1370/528/1173 1371/13/1173 1359/32/1173 1358/428/1173
f 1371/13/1174 1372/403/1174 1360/403/1174 1359/32/1174
f 1372/403/1175 1373/529/1175 1361/412/1175 1360/403/1175
f 1373/529/1176 1363/530/1176 1351/529/1176 1361/412/1176
f 1350/531/1177 1352/532/1177 1340/539/1177 1338/538/1177
f 1352/532/1178 1353/533/1178 1341/540/1178 1340/539/1178
f 1353/533/1179 1354/534/1179 1342/541/1179 1341/540/1179
f 1354/534/1180 1355/535/1180 1343/542/1180 1342/541/1180
f 1355/535/1181 1356/536/1181 1344/543/1181 1343/542/1181
f 1356/536/1182 1357/537/1182 1345/544/1182 1344/543/1182
f 1357/13/1183 1358/428/1183 1346/401/1183 1345/13/1183
f 1358/428/1184 1359/32/1184 1347/402/1184 1346/401/1184
f 1359/32/1185 1360/403/1185 1348/13/1185 1347/402/1185
f 1360/403/1186 1361/412/1186 1349/13/1186 1348/13/1186
f 1361/412/1187 1351/529/1187 1339/13/1187 1349/13/1187
f 1338/538/1188 1340/539/1188 1328/546/1188 1326/545/1188
f 1340/539/1189 1341/540/1189 1329/547/1189 1328/546/1189
f 1341/540/1190 1342/541/1190 1330/548/1190 1329/547/1190
f 1342/541/1191 1343/542/1191 1331/549/1191 1330/548/1191
f 1343/542/1192 1344/543/1192 1332/550/1192 1331/549/1192
f 1344/543/1193 1345/544/1193 1333/551/1193 1332/550/1193
f 1345/13/1194 1346/401/1194 1334/34/1194 1333/428/1194
f 1346/401/1195 1347/402/1195 1335/34/1195 1334/34/1195
f 1347/402/1196 1348/13/1196 1336/413/1196 1335/34/1196
f 1348/13/1197 1349/13/1197 1337/13/1197 1336/413/1197
f 1349/13/1198 1339/13/1198 1327/32/1198 1337/13/1198
f 1326/545/1199 1328/546/1199 1316/553/1199 1314/552/1199
f 1328/546/1200 1329/547/1200 1317/554/1200 1316/553/1200
f 1329/547/1201 1330/548/1201 1318/555/1201 1317/554/1201
f 1330/548/1202 1331/549/1202 1319/556/1202 1318/555/1202
f 1331/549/1203 1332/550/1203 1320/557/1203 1319/556/1203
f 1332/550/1204 1333/551/1204 1321/558/1204 1320/557/1204
f 1333/428/1205 1334/34/1205 1322/32/1205 1321/13/1205
f 1334/34/1206 1335/34/1206 1323/403/1206 1322/32/1206
f 1335/34/1207 1336/413/1207 1324/32/1207 1323/403/1207
f 1336/413/1208 1337/13/1208 1325/33/1208 1324/32/1208
f 1337/13/1209 1327/32/1209 1315/33/1209 1325/33/1209
f 1314/552/1210 1316/553/1210 1304/560/1210 1302/559/1210
f 1316/553/1211 1317/554/1211 1305/561/1211 1304/560/1211
f 1317/554/1212 1318/555/1212 1306/562/1212 1305/561/1212
f 1318/555/1213 1319/556/1213 1307/563/1213 1306/562/1213
f 1319/556/1214 1320/557/1214 1308/564/1214 1307/563/1214
f 1320/557/1215 1321/558/1215 1309/565/1215 1308/564/1215
f 1321/558/1216 1322/567/1216 1310/566/1216 1309/565/1216
f 1322/567/1217 1323/569/1217 1311/568/1217 1310/566/1217
f 1323/569/1218 1324/571/1218 1312/570/1218 1311/568/1218
f 1324/571/1219 1325/573/1219 1313/572/1219 1312/570/1219
f 1325/573/1220 1315/575/1220 1303/574/1220 1313/572/1220
f 1302/559/1221 1304/560/1221 1292/577/1221 1290/576/1221
f 1304/560/1222 1305/561/1222 1293/578/1222 1292/577/1222
f 1305/561/1223 1306/562/1223 1294/579/1223 1293/578/1223
f 1306/562/1224 1307/563/1224 1295/580/1224 1294/579/1224
f 1307/563/1225 1308/564/1225 1296/581/1225 1295/580/1225
f 1308/564/1226 1309/565/1226 1297/582/1226 1296/581/1226
f 1309/565/1227 1310/566/1227 1298/583/1227 1297/582/1227
f 1310/566/1228 1311/568/1228 1299/584/1228 1298/583/1228
f 1311/568/1229 1312/570/1229 1300/585/1229 1299/584/1229
f 1312/570/1230 1313/572/1230 1301/586/1230 1300/585/1230
f 1313/572/1231 1303/574/1231 1291/587/1231 1301/586/1231
f 1290/576/1232 1292/577/1232 1280/589/1232 1278/588/1232
f 1292/577/1233 1293/578/1233 1281/590/1233 1280/589/1233
f 1293/578/1234 1294/579/1234 1282/591/1234 1281/590/1234
f 1294/579/1235 1295/580/1235 1283/592/1235 1282/591/1235
f 1295/580/1236 1296/581/1236 1284/593/1236 1283/592/1236
f 1296/581/1237 1297/582/1237 1285/468/1237 1284/593/1237
f 1297/582/1238 1298/583/1238 1286/594/1238 1285/468/1238
f 1298/583/1239 1299/584/1239 1287/595/1239 1286/594/1239
f 1299/584/1240 1300/585/1240 1288/596/1240 1287/595/1240
f 1300/585/1241 1301/586/1241 1289/597/1241 1288/596/1241
f 1301/586/1242 1291/587/1242 1279/43/1242 1289/597/1242
f 1278/588/1243 1280/589/1243 1268/599/1243 1266/598/1243
f 1280/589/1244 1281/590/1244 1269/600/1244 1268/599/1244
f 1281/590/1245 1282/591/1245 1270/601/1245 1269/600/1245
f 1282/591/1246 1283/592/1246 1271/602/1246 1270/601/1246
f 1283/592/1247 1284/593/1247 1272/603/1247 1271/602/1247
f 1284/593/1248 1285/468/1248 1273/604/1248 1272/603/1248
f 1285/468/1249 1286/594/1249 1274/605/1249 1273/604/1249
f 1286/594/1250 1287/595/1250 1275/606/1250 1274/605/1250
f 1287/595/1251 1288/596/1251 1276/607/1251 1275/606/1251
f 1288/596/1252 1289/597/1252 1277/608/1252 1276/607/1252
f 1289/597/1253 1279/43/1253 1267/609/1253 1277/608/1253
f 1266/598/1254 1268/599/1254 1256/611/1254 1254/610/1254
f 1268/599/1255 1269/600/1255 1257/612/1255 1256/611/1255
f 1269/600/1256 1270/601/1256 1258/613/1256 1257/612/1256
f 1270/601/1257 1271/602/1257 1259/614/1257 1258/613/1257
f 1271/602/1258 1272/603/1258 1260/615/1258 1259/614/1258
f 1272/603/1259 1273/604/1259 1261/616/1259 1260/615/1259
f 1273/604/1260 1274/605/1260 1262/617/1260 1261/616/1260
f 1274/605/1261 1275/606/1261 1263/618/1261 1262/617/1261
f 1275/606/1262 1276/607/1262 1264/619/1262 1263/618/1262
f 1276/607/1263 1277/608/1263 1265/620/1263 1264/619/1263
f 1277/608/1264 1267/609/1264 1255/621/1264 1265/620/1264
f 1254/610/1265 1256/611/1265 1232/623/1265 1230/622/1265
f 1256/611/1266 1257/612/1266 1233/624/1266 1232/623/1266
f 1257/612/1267 1258/613/1267 1234/625/1267 1233/624/1267
f 1258/613/1268 1259/614/1268 1235/626/1268 1234/625/1268
f 1259/614/1269 1260/615/1269 1236/627/1269 1235/626/1269
f 1260/615/1270 1261/616/1270 1237/628/1270 1236/627/1270
f 1261/616/1271 1262/617/1271 1238/629/1271 1237/628/1271
f 1262/617/1272 1263/618/1272 1239/630/1272 1238/629/1272
f 1263/618/1273 1264/619/1273 1240/631/1273 1239/630/1273
f 1264/619/1274 1265/620/1274 1241/632/1274 1240/631/1274
f 1265/620/1275 1255/621/1275 1231/633/1275 1241/632/1275
f 1086/237/1276 1088/238/1276 956/502/1276 954/501/1276
f 1088/238/1277 1089/240/1277 957/503/1277 956/502/1277
f 1089/240/1278 1090/242/1278 958/504/1278 957/503/1278
f 1090/242/1279 1091/244/1279 959/505/1279 958/504/1279
f 1091/244/1280 1092/246/1280 960/506/1280 959/505/1280
f 1092/246/1281 1093/248/1281 961/507/1281 960/506/1281
f 1093/251/1282 1094/252/1282 962/509/1282 961/508/1282
f 1094/252/1283 1095/254/1283 963/510/1283 962/509/1283
f 1095/254/1284 1096/256/1284 964/511/1284 963/510/1284
f 1096/256/1285 1097/258/1285 965/512/1285 964/511/1285
f 1097/258/1286 1087/260/1286 955/513/1286 965/512/1286
f 942/387/1287 944/388/1287 1244/517/1287 1242/514/1287
f 944/388/1288 945/390/1288 1245/519/1288 1244/517/1288
f 945/390/1289 946/392/1289 1246/521/1289 1245/519/1289
f 946/392/1290 947/394/1290 1247/523/1290 1246/521/1290
f 947/394/1291 948/396/1291 1248/525/1291 1247/523/1291
f 948/396/1292 949/398/1292 1249/527/1292 1248/525/1292
f 949/13/1293 950/400/1293 1250/428/1293 1249/13/1293
f 950/400/1294 951/402/1294 1251/403/1294 1250/428/1294
f 951/402/1295 952/13/1295 1252/404/1295 1251/403/1295
f 952/13/1296 953/13/1296 1253/403/1296 1252/404/1296
f 953/13/1297 943/13/1297 1243/34/1297 1253/403/1297
f 1374/225/1298 1376/226/1298 1100/377/1298 1098/376/1298
f 1376/226/1299 1377/227/1299 1101/378/1299 1100/377/1299
f 1377/227/1300 1378/228/1300 1102/379/1300 1101/378/1300
f 1378/228/1301 1379/229/1301 1103/380/1301 1102/379/1301
f 1379/229/1302 1380/230/1302 1104/381/1302 1103/380/1302
f 1380/230/1303 1381/231/1303 1105/382/1303 1104/381/1303
f 1381/231/1304 1382/232/1304 1106/383/1304 1105/382/1304
f 1382/232/1305 1383/233/1305 1107/233/1305 1106/383/1305
f 1383/233/1306 1384/234/1306 1108/384/1306 1107/233/1306
f 1384/234/1307 1385/235/1307 1109/385/1307 1108/384/1307
f 1385/235/1308 1375/3/1308 1099/3/1308 1109/385/1308
f 1230/622/1309 1232/623/1309 1388/98/1309 1386/95/1309
f 1232/623/1310 1233/624/1310 1389/100/1310 1388/98/1310
f 1233/624/1311 1234/625/1311 1390/102/1311 1389/100/1311
f 1234/625/1312 1235/626/1312 1391/104/1312 1390/102/1312
f 1235/626/1313 1236/627/1313 1392/106/1313 1391/104/1313
f 1236/627/1314 1237/628/1314 1393/108/1314 1392/106/1314
f 1237/628/1315 1238/629/1315 1394/110/1315 1393/108/1315
f 1238/629/1316 1239/630/1316 1395/112/1316 1394/110/1316
f 1239/630/1317 1240/631/1317 1396/114/1317 1395/112/1317
f 1240/631/1318 1241/632/1318 1397/116/1318 1396/114/1318
f 1241/632/1319 1231/633/1319 1387/117/1319 1397/116/1319
f 1374/225/661 1098/376/661 1218/365/661 1206/353/661 1194/341/661 1182/330/661 1170/313/661 1158/301/661 1146/288/661 1134/275/661 1122/262/661 1110/236/661 1086/237/661 954/501/661 1074/488/661 1062/475/661 1050/462/661 1038/444/661 1026/437/661 1014/429/661 1002/421/661 990/414/661 978/405/661 966/386/661 942/387/661 1242/514/661 1362/515/661 1350/531/661 1338/538/661 1326/545/661 1314/552/661 1302/559/661 1290/576/661 1278/588/661 1266/598/661 1254/610/661 1230/622/661 1386/95/661 1506/96/661 1494/118/661 1482/130/661 1470/141/661 1458/153/661 1446/165/661 1434/177/661 1422/189/661 1410/201/661 1398/213/661
f 943/13/591 967/403/591 879/32/591 868/33/591
f 893/33/592 1243/34/592 943/13/592 868/33/592
f 1075/500/593 955/513/593 867/81/593 870/634/593
f 867/81/7 955/513/7 1087/260/7 881/80/7
f 967/403/594 979/413/594 878/32/594 879/32/594
f 979/413/595 991/13/595 877/13/595 878/32/595
f 991/13/596 1003/13/596 876/34/596 877/13/596
f 1003/13/597 1015/436/597 875/402/597 876/34/597
f 1015/436/598 1027/402/598 874/13/598 875/402/598
f 1027/19/599 1039/461/599 873/635/599 874/19/599
f 1039/461/600 1051/474/600 872/636/600 873/635/600
f 1051/474/601 1063/487/601 871/637/601 872/636/601
f 1063/487/602 1075/500/602 870/634/602 871/637/602
f 1087/260/603 1111/261/603 892/638/603 881/80/603
f 1219/375/604 1099/3/604 880/35/604 883/639/604
f 880/35/605 1099/3/605 1375/3/605 907/35/605
f 1111/261/606 1123/274/606 891/640/606 892/638/606
f 1123/274/607 1135/287/607 890/641/607 891/640/607
f 1135/287/608 1147/300/608 889/642/608 890/641/608
f 1147/300/609 1159/18/609 888/18/609 889/642/609
f 1159/328/610 1171/329/610 887/643/610 888/3/610
f 1171/329/611 1183/188/611 886/644/611 887/643/611
f 1183/188/612 1195/352/612 885/3/612 886/644/612
f 1195/352/613 1207/364/613 884/639/613 885/3/613
f 1207/364/614 1219/375/614 883/639/614 884/639/614
f 905/645/615 894/83/615 1231/633/615 1255/621/615
f 906/58/616 1387/117/616 1231/633/616 894/83/616 1624/84/616 1625/85/616 1626/86/616 1627/87/616 1628/88/616 1568/89/616 1594/90/616 1595/91/616 1596/92/616 1597/93/616 1598/94/616
f 893/33/617 896/32/617 1363/530/617 1243/34/617
f 904/646/618 905/645/618 1255/621/618 1267/609/618
f 903/647/619 904/646/619 1267/609/619 1279/43/619
f 902/648/620 903/647/620 1279/43/620 1291/587/620
f 901/649/621 902/648/621 1291/587/621 1303/574/621
f 900/2/622 901/649/622 1303/574/622 1315/575/622
f 899/34/623 900/13/623 1315/33/623 1327/32/623
f 898/13/624 899/34/624 1327/32/624 1339/13/624
f 897/32/625 898/13/625 1339/13/625 1351/529/625
f 896/32/626 897/32/626 1351/529/626 1363/530/626
f 918/639/627 907/35/627 1375/3/627 1399/224/627
f 906/58/628 909/650/628 1507/59/628 1387/117/628
f 917/639/629 918/639/629 1399/224/629 1411/212/629
f 916/3/630 917/639/630 1411/212/630 1423/200/630
f 915/644/631 916/3/631 1423/200/631 1435/188/631
f 914/643/632 915/644/632 1435/188/632 1447/176/632
f 913/74/633 914/643/633 1447/176/633 1459/164/633
f 912/651/634 913/74/634 1459/164/634 1471/152/634
f 911/72/635 912/651/635 1471/152/635 1483/72/635
f 910/652/636 911/72/636 1483/72/636 1495/129/636
f 909/650/637 910/652/637 1495/129/637 1507/59/637
f 1538/1/1320 1532/1/1320 1531/4/1320 1543/4/1320
f 1550/15/1321 1533/15/1321 1534/16/1321 1539/16/1321
f 1543/4/640 1531/4/640 1533/5/640 1550/5/640
f 1534/11/592 1553/11/592 1554/14/592 1532/14/592
f 854/3/7 1555/3/7 1558/6/7 941/6/7
f 855/10/1322 1527/11/1322 1528/12/1322 856/9/1322
f 1539/11/642 1534/11/642 1532/14/642 1538/14/642
f 861/7/7 862/9/7 682/20/7 681/17/7
f 865/13/8 859/13/8 682/12/8 1530/12/8
f 863/7/9 861/7/9 681/6/9 1529/6/9
f 858/7/1323 863/7/1323 1529/6/1323 941/6/1323
f 852/13/644 865/13/644 1530/12/644 1528/12/644
f 926/653/616 927/684/616 928/683/616 929/682/616 930/681/616 931/680/616 932/679/616 933/678/616 934/677/616 935/676/616 936/675/616 937/674/616 938/673/616 939/672/616 91/671/616 1526/670/616 1525/669/616 1524/668/616 1523/667/616 1522/666/616 1521/665/616 1520/664/616 1519/663/616 1518/662/616 919/661/616 920/660/616 921/659/616 922/658/616 923/657/616 924/656/616 75/655/616 925/654/616
f 1527/11/1324 1542/11/1324 1535/14/1324 851/14/1324
f 1542/11/1325 1541/11/1325 1536/14/1325 1535/14/1325
f 1541/11/1326 1540/11/1326 1537/14/1326 1536/14/1326
f 1540/11/648 1539/11/648 1538/14/648 1537/14/648
f 853/4/1327 1546/685/1327 1547/5/1327 940/5/1327
f 1546/685/1328 1545/685/1328 1548/5/1328 1547/5/1328
f 1545/685/1329 1544/4/1329 1549/5/1329 1548/5/1329
f 1544/4/652 1543/4/652 1550/5/652 1549/5/652
f 940/15/1330 1547/15/1330 1542/16/1330 1527/16/1330
f 1547/15/1331 1548/15/1331 1541/16/1331 1542/16/1331
f 1548/15/1332 1549/15/1332 1540/16/1332 1541/16/1332
f 1549/15/1333 1550/15/1333 1539/16/1333 1540/16/1333
f 851/1/1334 1535/1/1334 1546/685/1334 853/4/1334
f 1535/1/1335 1536/1/1335 1545/685/1335 1546/685/1335
f 1536/1/1336 1537/1/1336 1544/4/1336 1545/685/1336
f 1537/1/1337 1538/1/1337 1543/4/1337 1544/4/1337
f 1552/686/616 1554/687/616 1553/16/616 1551/15/616
f 1533/15/590 1551/15/590 1553/16/590 1534/16/590
f 1531/4/605 1552/4/605 1551/5/605 1533/5/605
f 1532/1/661 1554/1/661 1552/4/661 1531/4/661
f 1558/6/1338 1562/6/1338 1561/5/1338 1557/5/1338
f 853/4/7 1556/4/7 1555/3/7 854/3/7
f 941/6/7 1558/6/7 1557/5/7 940/5/7
f 940/5/7 1557/5/7 1556/4/7 853/4/7
f 1562/6/1339 1692/6/1339 1691/5/1339 1561/5/1339
f 1556/4/7 1560/4/7 1559/3/7 1555/3/7
f 1555/3/1340 1559/3/1340 1562/6/1340 1558/6/1340
f 1557/5/1341 1561/5/1341 1560/4/1341 1556/4/1341
f 1670/688/697 1669/691/697 827/690/697 828/689/697
f 1668/692/696 1667/693/696 1669/691/696 1670/688/696
f 1666/694/695 1665/695/695 1667/693/695 1668/692/695
f 1664/696/694 1663/697/694 1665/695/694 1666/694/694
f 1648/698/686 1647/701/686 1649/700/686 1650/699/686
f 1650/699/687 1649/700/687 1651/703/687 1652/702/687
f 1652/702/688 1651/703/688 1653/705/688 1654/704/688
f 1640/706/674 1639/709/674 795/708/674 796/707/674
f 796/707/673 795/708/673 1641/711/673 1642/710/673
f 1642/710/677 1641/711/677 1643/713/677 1644/712/677
f 1644/712/684 1643/713/684 1645/715/684 1646/714/684
f 1638/716/675 1637/717/675 1639/709/675 1640/706/675
f 1662/718/693 1661/719/693 1663/697/693 1664/696/693
f 1660/720/692 1659/721/692 1661/719/692 1662/718/692
f 1658/722/691 1657/723/691 1659/721/691 1660/720/691
f 1656/724/690 1655/725/690 1657/723/690 1658/722/690
f 1654/704/689 1653/705/689 1655/725/689 1656/724/689
f 1646/714/685 1645/715/685 1647/701/685 1648/698/685
f 1636/726/676 1635/727/676 1637/717/676 1638/716/676
f 1634/728/683 1633/729/683 1635/727/683 1636/726/683
f 1632/730/670 1631/731/670 1633/729/670 1634/728/670
f 1630/732/671 1629/733/671 1631/731/671 1632/730/671
f 1672/734/672 1671/735/672 1629/733/672 1630/732/672
f 1674/736/682 1673/737/682 1671/735/682 1672/734/682
f 1676/738/681 1675/739/681 1673/737/681 1674/736/681
f 1678/740/680 1677/741/680 1675/739/680 1676/738/680
f 1680/742/679 1679/743/679 1677/741/679 1678/740/679
f 1682/744/678 1681/745/678 1679/743/678 1680/742/678
f 1684/746/669 1683/747/669 1681/745/669 1682/744/669
f 1686/748/668 1685/749/668 1683/747/668 1684/746/668
f 1688/750/667 1687/751/667 1685/749/667 1686/748/667
f 828/689/666 827/690/666 1687/751/666 1688/750/666
f 1643/713/7 1641/711/7 795/708/7 1639/709/7 1637/717/7 1635/727/7 1633/729/7 1631/731/7 1629/733/7 1671/735/7 1673/737/7 1675/739/7 1677/741/7 1679/743/7 1681/745/7 1683/747/7 1685/749/7 1687/751/7 827/690/7 1669/691/7 1667/693/7 1665/695/7 1663/697/7 1661/719/7 1659/721/7 1657/723/7 1655/725/7 1653/705/7 1651/703/7 1649/700/7 1647/701/7 1645/715/7
f 920/752/710 919/755/710 1630/754/710 1632/753/710
f 919/755/711 1518/757/711 1672/756/711 1630/754/711
f 921/8/709 920/752/709 1632/753/709 1634/758/709
f 922/759/708 921/8/708 1634/758/708 1636/760/708
f 923/761/707 922/759/707 1636/760/707 1638/762/707
f 924/763/706 923/761/706 1638/762/706 1640/764/706
f 75/765/705 924/763/705 1640/764/705 796/766/705
f 925/767/704 75/770/704 796/769/704 1642/768/704
f 926/771/703 925/774/703 1642/773/703 1644/772/703
f 927/770/702 926/7/702 1644/775/702 1646/769/702
f 928/774/701 927/777/701 1646/776/701 1648/773/701
f 929/7/700 928/779/700 1648/778/700 1650/775/700
f 930/777/698 929/781/698 1650/780/698 1652/776/698
f 931/779/699 930/783/699 1652/782/699 1654/778/699
f 932/781/722 931/18/722 1654/784/722 1656/780/722
f 933/783/723 932/786/723 1656/785/723 1658/782/723
f 934/18/724 933/788/724 1658/787/724 1660/784/724
f 935/786/725 934/765/725 1660/766/725 1662/785/725
f 936/788/726 935/790/726 1662/789/726 1664/787/726
f 937/790/727 936/792/727 1664/791/727 1666/789/727
f 938/792/728 937/17/728 1666/793/728 1668/791/728
f 939/17/729 938/795/729 1668/794/729 1670/793/729
f 91/795/721 939/767/721 1670/768/721 828/794/721
f 1526/796/720 91/799/720 828/798/720 1688/797/720
f 1518/757/712 1519/15/712 1674/800/712 1672/756/712
f 1519/15/713 1520/802/713 1676/801/713 1674/800/713
f 1520/802/714 1521/804/714 1678/803/714 1676/801/714
f 1521/804/715 1522/806/715 1680/805/715 1678/803/715
f 1522/806/716 1523/686/716 1682/807/716 1680/805/716
f 1523/686/717 1524/809/717 1684/808/717 1682/807/717
f 1524/809/718 1525/811/718 1686/810/718 1684/808/718
f 1525/811/719 1526/796/719 1688/797/719 1686/810/719
f 1690/4/1342 1691/5/1342 1692/6/1342 1689/3/1342
f 1560/4/1343 1690/4/1343 1689/3/1343 1559/3/1343
f 1559/3/1344 1689/3/1344 1692/6/1344 1562/6/1344
f 1561/5/1345 1691/5/1345 1690/4/1345 1560/4/1345
